fixed acidity,volatile acidity,citric acid,residual sugar,chlorides,free sulfur dioxide,total sulfur dioxide,density,pH,sulphates,alcohol,quality
7.2,0.62,0.05,2.3,0.079,8,39,0.9978,3.43,0.57,9.6,5
6.9,0.52,0.04,2.1,0.068,6,14,0.9955,3.39,0.64,9.4,6
7.5,0.49,0.2,2.6,0.332,8,14,0.9968,3.21,0.9,10.5,6
7.8,0.59,0.18,2.3,0.076,17,54,0.9975,3.43,0.59,10,5
8.8,0.66,0.26,1.7,0.074,4,23,0.9971,3.15,0.74,9.2,5
7.7,0.62,0.04,3.8,0.084,25,45,0.9978,3.34,0.53,9.5,5
10.2,0.42,0.57,3.4,0.07,4,10,0.9971,3.04,0.63,9.6,5
7.5,0.63,0.12,5.1,0.111,50,110,0.9983,3.26,0.77,9.4,5
7.8,0.59,0.18,2.3,0.076,17,54,0.9975,3.43,0.59,10,5
7.6,0.41,0.24,1.8,0.08,4,11,0.9962,3.28,0.59,9.5,5
8.8,0.61,0.3,2.8,0.088,17,46,0.9976,3.26,0.51,9.3,4
7.8,0.645,0,5.5,0.086,5,18,0.9986,3.4,0.55,9.6,6
7.3,0.45,0.36,5.9,0.074,12,87,0.9978,3.33,0.83,10.5,5
7.3,0.45,0.36,5.9,0.074,12,87,0.9978,3.33,0.83,10.5,5
6.9,0.605,0.12,10.7,0.073,40,83,0.9993,3.45,0.52,9.4,6
7.1,0.71,0,1.9,0.08,14,35,0.9972,3.47,0.55,9.4,5
8.1,0.66,0.22,2.2,0.069,9,23,0.9968,3.3,1.2,10.3,5
8.7,0.29,0.52,1.6,0.113,12,37,0.9969,3.25,0.58,9.5,5
5.6,0.615,0,1.6,0.089,16,59,0.9943,3.58,0.52,9.9,5
7.6,0.41,0.24,1.8,0.08,4,11,0.9962,3.28,0.59,9.5,5
7.5,0.5,0.36,6.1,0.071,17,102,0.9978,3.35,0.8,10.5,5
6.3,0.39,0.16,1.4,0.08,11,23,0.9955,3.34,0.56,9.3,5
7.9,0.6,0.06,1.6,0.069,15,59,0.9964,3.3,0.46,9.4,5
7.6,0.51,0.15,2.8,0.11,33,73,0.9955,3.17,0.63,10.2,6
7.4,0.66,0,1.8,0.075,13,40,0.9978,3.51,0.56,9.4,5
7.2,0.725,0.05,4.65,0.086,4,11,0.9962,3.41,0.39,10.9,5
7.9,0.43,0.21,1.6,0.106,10,37,0.9966,3.17,0.91,9.5,5
6.6,0.52,0.04,2.2,0.069,8,15,0.9956,3.4,0.63,9.4,6
7.3,0.39,0.31,2.4,0.074,9,46,0.9962,3.41,0.54,9.4,6
8.1,0.38,0.28,2.1,0.066,13,30,0.9968,3.23,0.73,9.7,7
8.3,0.655,0.12,2.3,0.083,15,113,0.9966,3.17,0.66,9.8,5
7.9,0.32,0.51,1.8,0.341,17,56,0.9969,3.04,1.08,9.2,6
7.5,0.52,0.11,1.5,0.079,11,39,0.9968,3.42,0.58,9.6,5
7.8,0.645,0,2,0.082,8,16,0.9964,3.38,0.59,9.8,6
6.9,0.685,0,2.5,0.105,22,37,0.9966,3.46,0.57,10.6,6
7.4,0.59,0.08,4.4,0.086,6,29,0.9974,3.38,0.5,9,4
7.4,0.7,0,1.9,0.076,11,34,0.9978,3.51,0.56,9.4,5
7.8,0.88,0,2.6,0.098,25,67,0.9968,3.2,0.68,9.8,5
8.8,0.62,0.19,3.9,0.17,51,148,0.9986,3.17,0.93,9.2,5
8.5,0.49,0.11,2.3,0.084,9,67,0.9968,3.17,0.53,9.4,5
7.4,0.7,0,1.9,0.076,11,34,0.9978,3.51,0.56,9.4,5
7.8,0.61,0.29,1.6,0.114,9,29,0.9974,3.26,1.56,9.1,5
8.6,0.38,0.36,3,0.081,30,119,0.997,3.2,0.56,9.4,5
6.6,0.5,0.04,2.1,0.068,6,14,0.9955,3.39,0.64,9.4,6
7.9,0.43,0.21,1.6,0.106,10,37,0.9966,3.17,0.91,9.5,5
7.3,0.65,0,1.2,0.065,15,21,0.9946,3.39,0.47,10,7
8.1,0.56,0.28,1.7,0.368,16,56,0.9968,3.11,1.28,9.3,5
5.7,1.13,0.09,1.5,0.172,7,19,0.994,3.5,0.48,9.8,4
6.3,0.39,0.16,1.4,0.08,11,23,0.9955,3.34,0.56,9.3,5
7.6,0.51,0.15,2.8,0.11,33,73,0.9955,3.17,0.63,10.2,6
8.5,0.28,0.56,1.8,0.092,35,103,0.9969,3.3,0.75,10.5,7
8.8,0.4,0.4,2.2,0.079,19,52,0.998,3.44,0.64,9.2,5
7,0.735,0.05,2,0.081,13,54,0.9966,3.39,0.57,9.8,5
7.9,0.6,0.14,2.4,0.086,3,15,0.9975,3.42,0.6,10.8,6
7.8,0.645,0,2,0.082,8,16,0.9964,3.38,0.59,9.8,6
6.7,0.675,0.07,2.4,0.089,17,82,0.9958,3.35,0.54,10.1,5
8.8,0.4,0.4,2.2,0.079,19,52,0.998,3.44,0.64,9.2,5
7.1,0.71,0,1.9,0.08,14,35,0.9972,3.47,0.55,9.4,5
8,0.705,0.05,1.9,0.074,8,19,0.9962,3.34,0.95,10.5,6
7.3,0.65,0,1.2,0.065,15,21,0.9946,3.39,0.47,10,7
7.8,0.61,0.29,1.6,0.114,9,29,0.9974,3.26,1.56,9.1,5
8.9,0.62,0.19,3.9,0.17,51,148,0.9986,3.17,0.93,9.2,5
8.5,0.28,0.56,1.8,0.092,35,103,0.9969,3.3,0.75,10.5,7
8.1,0.56,0.28,1.7,0.368,16,56,0.9968,3.11,1.28,9.3,5
7.4,0.59,0.08,4.4,0.086,6,29,0.9974,3.38,0.5,9,4
7.9,0.32,0.51,1.8,0.341,17,56,0.9969,3.04,1.08,9.2,6
8.9,0.22,0.48,1.8,0.077,29,60,0.9968,3.39,0.53,9.4,6
6.9,0.4,0.14,2.4,0.085,21,40,0.9968,3.43,0.63,9.7,6
6.3,0.39,0.16,1.4,0.08,11,23,0.9955,3.34,0.56,9.3,5
7.6,0.41,0.24,1.8,0.08,4,11,0.9962,3.28,0.59,9.5,5
7.9,0.43,0.21,1.6,0.106,10,37,0.9966,3.17,0.91,9.5,5
7.1,0.71,0,1.9,0.08,14,35,0.9972,3.47,0.55,9.4,5
7.8,0.645,0,2,0.082,8,16,0.9964,3.38,0.59,9.8,6
6.7,0.675,0.07,2.4,0.089,17,82,0.9958,3.35,0.54,10.1,5
6.9,0.685,0,2.5,0.105,22,37,0.9966,3.46,0.57,10.6,6
8.3,0.655,0.12,2.3,0.083,15,113,0.9966,3.17,0.66,9.8,5
6.9,0.605,0.12,10.7,0.073,40,83,0.9993,3.45,0.52,9.4,6
5.2,0.32,0.25,1.8,0.103,13,50,0.9957,3.38,0.55,9.2,5
7.8,0.645,0,5.5,0.086,5,18,0.9986,3.4,0.55,9.6,6
7.8,0.6,0.14,2.4,0.086,3,15,0.9975,3.42,0.6,10.8,6
8.1,0.38,0.28,2.1,0.066,13,30,0.9968,3.23,0.73,9.7,7
5.7,1.13,0.09,1.5,0.172,7,19,0.994,3.5,0.48,9.8,4
7.3,0.45,0.36,5.9,0.074,12,87,0.9978,3.33,0.83,10.5,5
8.7,0.29,0.52,1.6,0.113,12,37,0.9969,3.25,0.58,9.5,5
6.4,0.4,0.23,1.6,0.066,5,12,0.9958,3.34,0.56,9.2,5
5.6,0.31,0.37,1.4,0.074,12,96,0.9954,3.32,0.58,9.2,5
8.8,0.66,0.26,1.7,0.074,4,23,0.9971,3.15,0.74,9.2,5
6.6,0.52,0.04,2.2,0.069,8,15,0.9956,3.4,0.63,9.4,6
6.6,0.5,0.04,2.1,0.068,6,14,0.9955,3.39,0.64,9.4,6
8.6,0.38,0.36,3,0.081,30,119,0.997,3.2,0.56,9.4,5
7.6,0.51,0.15,2.8,0.11,33,73,0.9955,3.17,0.63,10.2,6
7.7,0.62,0.04,3.8,0.084,25,45,0.9978,3.34,0.53,9.5,5
10.2,0.42,0.57,3.4,0.07,4,10,0.9971,3.04,0.63,9.6,5
7.5,0.63,0.12,5.1,0.111,50,110,0.9983,3.26,0.77,9.4,5
7.8,0.59,0.18,2.3,0.076,17,54,0.9975,3.43,0.59,10,5
7.3,0.39,0.31,2.4,0.074,9,46,0.9962,3.41,0.54,9.4,6
8.8,0.4,0.4,2.2,0.079,19,52,0.998,3.44,0.64,9.2,5
7.7,0.69,0.49,1.8,0.115,20,112,0.9968,3.21,0.71,9.3,5
7.5,0.52,0.16,1.9,0.085,12,35,0.9968,3.38,0.62,9.5,7
7,0.735,0.05,2,0.081,13,54,0.9966,3.39,0.57,9.8,5
7.2,0.725,0.05,4.65,0.086,4,11,0.9962,3.41,0.39,10.9,5
7.5,0.52,0.11,1.5,0.079,11,39,0.9968,3.42,0.58,9.6,5
6.6,0.705,0.07,1.6,0.076,6,15,0.9962,3.44,0.58,10.7,5
9.3,0.32,0.57,2,0.074,27,65,0.9969,3.28,0.79,10.7,5
8,0.705,0.05,1.9,0.074,8,19,0.9962,3.34,0.95,10.5,6
7.9,0.55,0.31,1.7,0.076,8,19,0.9966,3.36,0.67,10.1,6
6.8,0.685,0,1.9,0.083,5,16,0.9964,3.35,0.6,9.8,5
6.5,0.63,0.33,1.8,0.059,13,48,0.9938,3.44,0.82,11.5,7
7.2,0.67,0.22,2.5,0.071,13,104,0.9966,3.22,0.74,9.3,5
8.4,0.63,0.36,2.9,0.081,7,33,0.9982,3.22,0.68,9,5
7.7,0.58,0.09,2.3,0.065,15,106,0.9963,3.16,0.54,9.4,6
7.3,0.47,0.15,3.3,0.078,13,54,0.9957,3.25,0.54,9.2,5
7.2,0.39,0.32,1.8,0.065,8,28,0.9966,3.4,0.75,10.2,6
6.9,0.68,0,2.8,0.088,7,37,0.9976,3.4,0.74,9.9,5
6.8,0.57,0,2.5,0.097,14,43,0.9962,3.35,0.69,9.5,5
7.6,0.68,0.02,1.3,0.072,9,20,0.9967,3.38,0.82,9.8,6
6.4,0.63,0.07,2.1,0.045,12,39,0.9948,3.38,0.78,10.3,6
7.6,0.56,0.13,2.9,0.087,21,132,0.9978,3.3,0.81,9.7,5
7.9,0.58,0.23,2.3,0.076,7,19,0.9958,3.4,0.75,11,6
8.2,0.75,0.02,2.3,0.099,7,32,0.9972,3.13,0.6,9.5,5
6.4,0.63,0.07,2.1,0.045,12,39,0.9948,3.38,0.78,10.3,6
7.6,0.56,0.13,2.9,0.087,21,132,0.9978,3.3,0.81,9.7,5
7.9,0.58,0.23,2.3,0.076,7,19,0.9958,3.4,0.75,11,6
8.2,0.75,0.02,2.3,0.099,7,32,0.9972,3.13,0.6,9.5,5
7.4,0.7,0,1.9,0.076,11,34,0.9978,3.51,0.56,9.4,5
7.8,0.88,0,2.6,0.098,25,67,0.9968,3.2,0.68,9.8,5
7.8,0.76,0.04,2.3,0.092,15,54,0.997,3.26,0.65,9.8,5
11.2,0.28,0.56,1.9,0.075,17,60,0.998,3.16,0.58,9.8,6
7.4,0.7,0,1.9,0.076,11,34,0.9978,3.51,0.56,9.4,5
7.4,0.66,0,1.8,0.075,13,40,0.9978,3.51,0.56,9.4,5
7.9,0.6,0.06,1.6,0.069,15,59,0.9964,3.3,0.46,9.4,5
7.3,0.65,0,1.2,0.065,15,21,0.9946,3.39,0.47,10,7
7.8,0.58,0.02,2,0.073,9,18,0.9968,3.36,0.57,9.5,7
7.5,0.5,0.36,6.1,0.071,17,102,0.9978,3.35,0.8,10.5,5
6.7,0.58,0.08,1.8,0.097,15,65,0.9959,3.28,0.54,9.2,5
7.5,0.5,0.36,6.1,0.071,17,102,0.9978,3.35,0.8,10.5,5
5.6,0.615,0,1.6,0.089,16,59,0.9943,3.58,0.52,9.9,5
7.8,0.61,0.29,1.6,0.114,9,29,0.9974,3.26,1.56,9.1,5
8.9,0.62,0.18,3.8,0.176,52,145,0.9986,3.16,0.88,9.2,5
8.9,0.62,0.19,3.9,0.17,51,148,0.9986,3.17,0.93,9.2,5
8.5,0.28,0.56,1.8,0.092,35,103,0.9969,3.3,0.75,10.5,7
8.1,0.56,0.28,1.7,0.368,16,56,0.9968,3.11,1.28,9.3,5
7.4,0.59,0.08,4.4,0.086,6,29,0.9974,3.38,0.5,9,4
7.9,0.32,0.51,1.8,0.341,17,56,0.9969,3.04,1.08,9.2,6
8.9,0.22,0.48,1.8,0.077,29,60,0.9968,3.39,0.53,9.4,6
7.6,0.39,0.31,2.3,0.082,23,71,0.9982,3.52,0.65,9.7,5
7.9,0.43,0.21,1.6,0.106,10,37,0.9966,3.17,0.91,9.5,5
8.5,0.49,0.11,2.3,0.084,9,67,0.9968,3.17,0.53,9.4,5
6.9,0.4,0.14,2.4,0.085,21,40,0.9968,3.43,0.63,9.7,6
6.3,0.39,0.16,1.4,0.08,11,23,0.9955,3.34,0.56,9.3,5
7.6,0.41,0.24,1.8,0.08,4,11,0.9962,3.28,0.59,9.5,5
7.9,0.43,0.21,1.6,0.106,10,37,0.9966,3.17,0.91,9.5,5
7.1,0.71,0,1.9,0.08,14,35,0.9972,3.47,0.55,9.4,5
7.8,0.645,0,2,0.082,8,16,0.9964,3.38,0.59,9.8,6
6.7,0.675,0.07,2.4,0.089,17,82,0.9958,3.35,0.54,10.1,5
6.9,0.685,0,2.5,0.105,22,37,0.9966,3.46,0.57,10.6,6
8.3,0.655,0.12,2.3,0.083,15,113,0.9966,3.17,0.66,9.8,5
6.9,0.605,0.12,10.7,0.073,40,83,0.9993,3.45,0.52,9.4,6
5.2,0.32,0.25,1.8,0.103,13,50,0.9957,3.38,0.55,9.2,5
7.8,0.645,0,5.5,0.086,5,18,0.9986,3.4,0.55,9.6,6
7.8,0.6,0.14,2.4,0.086,3,15,0.9975,3.42,0.6,10.8,6
8.1,0.38,0.28,2.1,0.066,13,30,0.9968,3.23,0.73,9.7,7
5.7,1.13,0.09,1.5,0.172,7,19,0.994,3.5,0.48,9.8,4
7.3,0.45,0.36,5.9,0.074,12,87,0.9978,3.33,0.83,10.5,5
7.3,0.45,0.36,5.9,0.074,12,87,0.9978,3.33,0.83,10.5,5
8.8,0.61,0.3,2.8,0.088,17,46,0.9976,3.26,0.51,9.3,4
7.5,0.49,0.2,2.6,0.332,8,14,0.9968,3.21,0.9,10.5,6
8.1,0.66,0.22,2.2,0.069,9,23,0.9968,3.3,1.2,10.3,5
6.8,0.67,0.02,1.8,0.05,5,11,0.9962,3.48,0.52,9.5,5
4.6,0.52,0.15,2.1,0.054,8,65,0.9934,3.9,0.56,13.1,4
7.7,0.935,0.43,2.2,0.114,22,114,0.997,3.25,0.73,9.2,5
8.7,0.29,0.52,1.6,0.113,12,37,0.9969,3.25,0.58,9.5,5
6.4,0.4,0.23,1.6,0.066,5,12,0.9958,3.34,0.56,9.2,5
5.6,0.31,0.37,1.4,0.074,12,96,0.9954,3.32,0.58,9.2,5
8.8,0.66,0.26,1.7,0.074,4,23,0.9971,3.15,0.74,9.2,5
6.6,0.52,0.04,2.2,0.069,8,15,0.9956,3.4,0.63,9.4,6
7.4,0.7,0,1.9,0.076,11,34,0.9978,3.51,0.56,9.4,5
7.8,0.88,0,2.6,0.098,25,67,0.9968,3.2,0.68,9.8,5
7.8,0.76,0.04,2.3,0.092,15,54,0.997,3.26,0.65,9.8,5
11.2,0.28,0.56,1.9,0.075,17,60,0.998,3.16,0.58,9.8,6
7.4,0.7,0,1.9,0.076,11,34,0.9978,3.51,0.56,9.4,5
7.4,0.66,0,1.8,0.075,13,40,0.9978,3.51,0.56,9.4,5
7.9,0.6,0.06,1.6,0.069,15,59,0.9964,3.3,0.46,9.4,5
7.3,0.65,0,1.2,0.065,15,21,0.9946,3.39,0.47,10,7
7.8,0.58,0.02,2,0.073,9,18,0.9968,3.36,0.57,9.5,7
7.5,0.5,0.36,6.1,0.071,17,102,0.9978,3.35,0.8,10.5,5
6.7,0.58,0.08,1.8,0.097,15,65,0.9959,3.28,0.54,9.2,5
7.5,0.5,0.36,6.1,0.071,17,102,0.9978,3.35,0.8,10.5,5
5.6,0.615,0,1.6,0.089,16,59,0.9943,3.58,0.52,9.9,5
7.8,0.61,0.29,1.6,0.114,9,29,0.9974,3.26,1.56,9.1,5
8.9,0.62,0.18,3.8,0.176,52,145,0.9986,3.16,0.88,9.2,5
8.9,0.62,0.19,3.9,0.17,51,148,0.9986,3.17,0.93,9.2,5
8.5,0.28,0.56,1.8,0.092,35,103,0.9969,3.3,0.75,10.5,7
8.1,0.56,0.28,1.7,0.368,16,56,0.9968,3.11,1.28,9.3,5
7.4,0.59,0.08,4.4,0.086,6,29,0.9974,3.38,0.5,9,4
7.9,0.32,0.51,1.8,0.341,17,56,0.9969,3.04,1.08,9.2,6
8.9,0.22,0.48,1.8,0.077,29,60,0.9968,3.39,0.53,9.4,6
7.6,0.39,0.31,2.3,0.082,23,71,0.9982,3.52,0.65,9.7,5
7.9,0.43,0.21,1.6,0.106,10,37,0.9966,3.17,0.91,9.5,5
8.5,0.49,0.11,2.3,0.084,9,67,0.9968,3.17,0.53,9.4,5
6.9,0.4,0.14,2.4,0.085,21,40,0.9968,3.43,0.63,9.7,6
6.3,0.39,0.16,1.4,0.08,11,23,0.9955,3.34,0.56,9.3,5
7.6,0.41,0.24,1.8,0.08,4,11,0.9962,3.28,0.59,9.5,5
7.9,0.43,0.21,1.6,0.106,10,37,0.9966,3.17,0.91,9.5,5
7.1,0.71,0,1.9,0.08,14,35,0.9972,3.47,0.55,9.4,5
7.8,0.645,0,2,0.082,8,16,0.9964,3.38,0.59,9.8,6
6.7,0.675,0.07,2.4,0.089,17,82,0.9958,3.35,0.54,10.1,5
6.9,0.685,0,2.5,0.105,22,37,0.9966,3.46,0.57,10.6,6
8.3,0.655,0.12,2.3,0.083,15,113,0.9966,3.17,0.66,9.8,5
6.9,0.605,0.12,10.7,0.073,40,83,0.9993,3.45,0.52,9.4,6
5.2,0.32,0.25,1.8,0.103,13,50,0.9957,3.38,0.55,9.2,5
7.8,0.645,0,5.5,0.086,5,18,0.9986,3.4,0.55,9.6,6
7.8,0.6,0.14,2.4,0.086,3,15,0.9975,3.42,0.6,10.8,6
8.1,0.38,0.28,2.1,0.066,13,30,0.9968,3.23,0.73,9.7,7
5.7,1.13,0.09,1.5,0.172,7,19,0.994,3.5,0.48,9.8,4
7.3,0.45,0.36,5.9,0.074,12,87,0.9978,3.33,0.83,10.5,5
7.3,0.45,0.36,5.9,0.074,12,87,0.9978,3.33,0.83,10.5,5
8.8,0.61,0.3,2.8,0.088,17,46,0.9976,3.26,0.51,9.3,4
7.5,0.49,0.2,2.6,0.332,8,14,0.9968,3.21,0.9,10.5,6
8.1,0.66,0.22,2.2,0.069,9,23,0.9968,3.3,1.2,10.3,5
6.8,0.67,0.02,1.8,0.05,5,11,0.9962,3.48,0.52,9.5,5
4.6,0.52,0.15,2.1,0.054,8,65,0.9934,3.9,0.56,13.1,4
7.7,0.935,0.43,2.2,0.114,22,114,0.997,3.25,0.73,9.2,5
8.7,0.29,0.52,1.6,0.113,12,37,0.9969,3.25,0.58,9.5,5
6.4,0.4,0.23,1.6,0.066,5,12,0.9958,3.34,0.56,9.2,5
5.6,0.31,0.37,1.4,0.074,12,96,0.9954,3.32,0.58,9.2,5
8.8,0.66,0.26,1.7,0.074,4,23,0.9971,3.15,0.74,9.2,5
6.6,0.52,0.04,2.2,0.069,8,15,0.9956,3.4,0.63,9.4,6
6.6,0.5,0.04,2.1,0.068,6,14,0.9955,3.39,0.64,9.4,6
8.6,0.38,0.36,3,0.081,30,119,0.997,3.2,0.56,9.4,5
7.6,0.51,0.15,2.8,0.11,33,73,0.9955,3.17,0.63,10.2,6
7.7,0.62,0.04,3.8,0.084,25,45,0.9978,3.34,0.53,9.5,5
10.2,0.42,0.57,3.4,0.07,4,10,0.9971,3.04,0.63,9.6,5
7.5,0.63,0.12,5.1,0.111,50,110,0.9983,3.26,0.77,9.4,5
7.8,0.59,0.18,2.3,0.076,17,54,0.9975,3.43,0.59,10,5
7.3,0.39,0.31,2.4,0.074,9,46,0.9962,3.41,0.54,9.4,6
8.8,0.4,0.4,2.2,0.079,19,52,0.998,3.44,0.64,9.2,5
7.7,0.69,0.49,1.8,0.115,20,112,0.9968,3.21,0.71,9.3,5
7.5,0.52,0.16,1.9,0.085,12,35,0.9968,3.38,0.62,9.5,7
7,0.735,0.05,2,0.081,13,54,0.9966,3.39,0.57,9.8,5
7.2,0.725,0.05,4.65,0.086,4,11,0.9962,3.41,0.39,10.9,5
7.2,0.725,0.05,4.65,0.086,4,11,0.9962,3.41,0.39,10.9,5
7.5,0.52,0.11,1.5,0.079,11,39,0.9968,3.42,0.58,9.6,5
6.6,0.705,0.07,1.6,0.076,6,15,0.9962,3.44,0.58,10.7,5
9.3,0.32,0.57,2,0.074,27,65,0.9969,3.28,0.79,10.7,5
8,0.705,0.05,1.9,0.074,8,19,0.9962,3.34,0.95,10.5,6
7.9,0.55,0.31,1.7,0.076,8,19,0.9966,3.36,0.67,10.1,6
6.8,0.685,0,1.5,0.099,16,47,0.9954,3.35,0.56,9.3,6
7.6,0.665,0.1,1.5,0.066,27,65,0.9972,3.32,0.6,9.5,6
6.6,0.63,0,4.3,0.093,51,77.5,0.99558,3.2,0.45,9.3,6
7.4,0.6,0.26,7.3,0.07,36,121,0.9982,3.37,0.49,9.6,4
7.6,0.63,0.03,7.4,0.09,25,168,0.9994,3.15,0.57,9,5
7.4,0.64,0.07,1.8,0.1,8,23,0.9961,3.3,0.58,9.6,5
7.6,0.67,0.14,1.5,0.074,25,168,0.99655,3.03,0.54,9.4,5
7.4,0.6,0.26,7.3,0.07,36,121,0.9982,3.37,0.49,9.6,4
7.6,0.63,0.03,7.4,0.09,25,168,0.9994,3.15,0.57,9,5
7.4,0.64,0.07,1.8,0.1,8,23,0.9961,3.3,0.58,9.6,5
7.6,0.67,0.14,1.5,0.074,25,168,0.99655,3.03,0.54,9.4,5
7.4,0.6,0.26,7.3,0.07,36,121,0.9982,3.37,0.49,9.6,4
7.6,0.63,0.03,7.4,0.09,25,168,0.9994,3.15,0.57,9,5
7.4,0.64,0.07,1.8,0.1,8,23,0.9961,3.3,0.58,9.6,5
7.6,0.67,0.14,1.5,0.074,25,168,0.99655,3.03,0.54,9.4,5
7.4,0.6,0.26,7.3,0.07,36,121,0.9982,3.37,0.49,9.6,4
7.6,0.63,0.03,7.4,0.09,25,168,0.9994,3.15,0.57,9,5
7.4,0.64,0.07,1.8,0.1,8,23,0.9961,3.3,0.58,9.6,5
7.6,0.67,0.14,1.5,0.074,25,168,0.99655,3.03,0.54,9.4,5
7.4,0.6,0.26,7.3,0.07,36,121,0.9982,3.37,0.49,9.6,4
7.6,0.63,0.03,7.4,0.09,25,168,0.9994,3.15,0.57,9,5
7.4,0.64,0.07,1.8,0.1,8,23,0.9961,3.3,0.58,9.6,5
7.6,0.67,0.14,1.5,0.074,25,168,0.99655,3.03,0.54,9.4,5
7.4,0.6,0.26,7.3,0.07,36,121,0.9982,3.37,0.49,9.6,4
7.6,0.63,0.03,7.4,0.09,25,168,0.9994,3.15,0.57,9,5
7.4,0.64,0.07,1.8,0.1,8,23,0.9961,3.3,0.58,9.6,5
7.6,0.67,0.14,1.5,0.074,25,168,0.99655,3.03,0.54,9.4,5
7.4,0.6,0.26,7.3,0.07,36,121,0.9982,3.37,0.49,9.6,4
7.6,0.63,0.03,7.4,0.09,25,168,0.9994,3.15,0.57,9,5
7.4,0.64,0.07,1.8,0.1,8,23,0.9961,3.3,0.58,9.6,5
7.6,0.67,0.14,1.5,0.074,25,168,0.99655,3.03,0.54,9.4,5
7.4,0.6,0.26,7.3,0.07,36,121,0.9982,3.37,0.49,9.6,4
7.6,0.63,0.03,7.4,0.09,25,168,0.9994,3.15,0.57,9,5
7.4,0.64,0.07,1.8,0.1,8,23,0.9961,3.3,0.58,9.6,5
7.6,0.67,0.14,1.5,0.074,25,168,0.99655,3.03,0.54,9.4,5
7.4,0.6,0.26,7.3,0.07,36,121,0.9982,3.37,0.49,9.6,4
7.6,0.63,0.03,7.4,0.09,25,168,0.9994,3.15,0.57,9,5
7.4,0.64,0.07,1.8,0.1,8,23,0.9961,3.3,0.58,9.6,5
7.6,0.67,0.14,1.5,0.074,25,168,0.99655,3.03,0.54,9.4,5
7.4,0.6,0.26,7.3,0.07,36,121,0.9982,3.37,0.49,9.6,4
7.6,0.63,0.03,7.4,0.09,25,168,0.9994,3.15,0.57,9,5
7.4,0.64,0.07,1.8,0.1,8,23,0.9961,3.3,0.58,9.6,5
7.6,0.67,0.14,1.5,0.074,25,168,0.99655,3.03,0.54,9.4,5
7.4,0.6,0.26,7.3,0.07,36,121,0.9982,3.37,0.49,9.6,4
7.6,0.63,0.03,7.4,0.09,25,168,0.9994,3.15,0.57,9,5
7.4,0.64,0.07,1.8,0.1,8,23,0.9961,3.3,0.58,9.6,5
7.6,0.67,0.14,1.5,0.074,25,168,0.99655,3.03,0.54,9.4,5
7.4,0.6,0.26,7.3,0.07,36,121,0.9982,3.37,0.49,9.6,4
7.6,0.63,0.03,7.4,0.09,25,168,0.9994,3.15,0.57,9,5
7.4,0.64,0.07,1.8,0.1,8,23,0.9961,3.3,0.58,9.6,5
7.6,0.67,0.14,1.5,0.074,25,168,0.99655,3.03,0.54,9.4,5
7.4,0.6,0.26,7.3,0.07,36,121,0.9982,3.37,0.49,9.6,4
7.6,0.63,0.03,7.4,0.09,25,168,0.9994,3.15,0.57,9,5
7.4,0.64,0.07,1.8,0.1,8,23,0.9961,3.3,0.58,9.6,5
7.6,0.67,0.14,1.5,0.074,25,168,0.99655,3.03,0.54,9.4,5
6.7,0.54,0.13,5.6,0.074,19,148,0.9958,3.26,0.65,10,6
7.1,0.68,0,2.2,0.073,12,26,0.9968,3.47,0.55,9.4,5
7,0.63,0.12,2.7,0.077,12,24,0.9969,3.3,0.62,9.8,6
7.3,0.51,0.18,2.1,0.07,13,36,0.9966,3.36,0.57,9,6
8.1,0.6,0.29,2.1,0.096,11,44,0.9968,3.3,0.59,9.7,5
7.5,0.39,0.31,2.2,0.094,18,114,0.9966,3.1,0.58,9.8,5
6.8,0.58,0.03,1.7,0.054,6,29,0.9941,3.44,0.56,9.7,6
5.8,0.61,0.11,1.8,0.066,18,79,0.9908,3.26,0.74,12.3,7
7.2,0.66,0.03,2.3,0.078,15,23,0.9955,3.42,0.6,9.5,6
6.5,0.65,0,1.2,0.08,16,41,0.9929,3.5,0.55,11,6
7.3,0.48,0.32,2.1,0.062,31,54,0.9972,3.35,0.68,9.5,6
7.6,0.645,0.03,1.9,0.086,14,57,0.9969,3.34,0.57,9.7,5
6.5,0.61,0,1.6,0.052,15,68,0.9912,3.32,0.59,12.8,7
7.2,0.66,0.03,2.3,0.078,15,23,0.9955,3.42,0.6,9.5,6
6.5,0.53,0.06,2,0.063,29,44,0.9948,3.34,0.55,9.7,6
8.4,0.745,0.11,1.9,0.09,15,33,0.9976,3.2,0.58,9.7,5
7.4,0.31,0.26,2.1,0.05,24,84,0.9934,3.34,0.64,12.2,6
7.4,0.31,0.26,2.1,0.05,24,84,0.9934,3.34,0.64,12.2,6
7.8,0.56,0.19,1.8,0.104,12,47,0.9964,3.19,0.46,10,6
8.4,0.745,0.11,1.9,0.09,15,33,0.9976,3.2,0.58,9.7,5
7.9,0.885,0.03,1.8,0.058,4,8,0.9972,3.36,0.33,9.1,4
8.9,0.29,0.35,1.9,0.067,16,59,0.9973,3.2,0.61,9.4,5
6.4,0.63,0.21,1.6,0.08,15,36,0.997,3.42,0.53,9.1,5
6.5,0.67,0,4.3,0.057,17,80,0.9941,3.18,0.57,10.7,7
8,0.35,0.33,2.2,0.073,14,65,0.9968,3.19,0.55,9.2,5
6.3,0.48,0.1,1.8,0.085,12,33,0.9946,3.37,0.55,10.1,6
6.8,0.67,0.02,18.9,0.045,28,87,0.9949,3.19,0.44,10.8,5
8.3,0.6,0.25,2.2,0.118,9,38,0.9969,3.18,0.62,9.5,5
6.2,0.49,0.23,2.4,0.071,21,56,0.9956,3.45,0.59,9.5,6
7.6,0.55,0.21,2.2,0.071,7,28,0.9958,3.4,0.54,9.2,6
6.6,0.52,0.08,2.4,0.07,13,26,0.9966,3.4,0.63,9.4,5
6.5,0.6,0.0,2.2,0.095,48,59,0.9954,3.18,0.51,9.5,6
6.7,0.56,0.09,2.9,0.079,7,25,0.9971,3.36,0.55,9.4,5
6.8,0.64,0.0,2.7,0.067,4,8,0.9936,3.52,0.56,12.3,7
6.8,0.64,0.0,2.7,0.067,4,8,0.9936,3.52,0.56,12.3,7
7.4,0.68,0.16,1.8,0.078,12,39,0.9978,3.51,0.56,9.4,5
7.3,0.65,0.0,1.2,0.065,15,21,0.9946,3.39,0.47,10,7
7.8,0.58,0.02,2.0,0.073,9,18,0.9968,3.36,0.57,9.5,7
7.5,0.5,0.36,6.1,0.071,17,102,0.9978,3.35,0.8,10.5,5
6.7,0.58,0.08,1.8,0.097,15,65,0.9959,3.28,0.54,9.2,5
7.9,0.32,0.51,1.8,0.341,17,56,0.9969,3.04,1.08,9.2,6
8.9,0.22,0.48,1.8,0.077,29,60,0.9968,3.39,0.53,9.4,6
7.6,0.39,0.31,2.3,0.082,23,71,0.9982,3.52,0.65,9.7,5
7.9,0.43,0.21,1.6,0.106,10,37,0.9966,3.17,0.91,9.5,5
8.5,0.49,0.11,2.3,0.084,9,67,0.9968,3.17,0.53,9.4,5
6.9,0.4,0.14,2.4,0.085,21,40,0.9968,3.43,0.63,9.7,6
6.3,0.39,0.16,1.4,0.08,11,23,0.9955,3.34,0.56,9.3,5
7.6,0.41,0.24,1.8,0.08,4,11,0.9962,3.28,0.59,9.5,5
7.9,0.43,0.21,1.6,0.106,10,37,0.9966,3.17,0.91,9.5,5
7.1,0.71,0.0,1.9,0.08,14,35,0.9972,3.47,0.55,9.4,5
7.8,0.645,0.0,2.0,0.082,8,16,0.9964,3.38,0.59,9.8,6
6.7,0.675,0.07,2.4,0.089,17,82,0.9958,3.35,0.54,10.1,5
6.9,0.685,0.0,2.5,0.105,22,37,0.9966,3.46,0.57,10.6,6
8.3,0.655,0.12,2.3,0.083,15,113,0.9966,3.17,0.66,9.8,5
6.9,0.605,0.12,10.7,0.073,40,83,0.9993,3.45,0.52,9.4,6
5.2,0.32,0.25,1.8,0.103,13,50,0.9957,3.38,0.55,9.2,5
7.8,0.645,0.0,5.5,0.086,5,18,0.9986,3.4,0.55,9.6,6
7.8,0.6,0.14,2.4,0.086,3,15,0.9975,3.42,0.6,10.8,6
8.1,0.38,0.28,2.1,0.066,13,30,0.9968,3.23,0.73,9.7,7
5.7,1.13,0.09,1.5,0.172,7,19,0.994,3.5,0.48,9.8,4
7.3,0.45,0.36,5.9,0.074,12,87,0.9978,3.33,0.83,10.5,5
7.3,0.45,0.36,5.9,0.074,12,87,0.9978,3.33,0.83,10.5,5
8.8,0.61,0.3,2.8,0.088,17,46,0.9976,3.26,0.51,9.3,4
7.5,0.49,0.2,2.6,0.332,8,14,0.9968,3.21,0.9,10.5,6
8.1,0.66,0.22,2.2,0.069,9,23,0.9968,3.3,1.2,10.3,5
6.8,0.67,0.02,1.8,0.05,5,11,0.9962,3.48,0.52,9.5,5
4.6,0.52,0.15,2.1,0.054,8,65,0.9934,3.9,0.56,13.1,4
7.7,0.935,0.43,2.2,0.114,22,114,0.997,3.25,0.73,9.2,5
8.7,0.29,0.52,1.6,0.113,12,37,0.9969,3.25,0.58,9.5,5
6.4,0.4,0.23,1.6,0.066,5,12,0.9958,3.34,0.56,9.2,5
5.6,0.31,0.37,1.4,0.074,12,96,0.9954,3.32,0.58,9.2,5
8.8,0.66,0.26,1.7,0.074,4,23,0.9971,3.15,0.74,9.2,5
6.6,0.52,0.04,2.2,0.069,8,15,0.9956,3.4,0.63,9.4,6
6.6,0.5,0.04,2.1,0.068,6,14,0.9955,3.39,0.64,9.4,6
8.6,0.38,0.36,3.0,0.081,30,119,0.997,3.2,0.56,9.4,5
7.6,0.51,0.15,2.8,0.11,33,73,0.9955,3.17,0.63,10.2,6
7.7,0.62,0.04,3.8,0.084,25,45,0.9978,3.34,0.53,9.5,5
10.2,0.42,0.57,3.4,0.07,4,10,0.9971,3.04,0.63,9.6,5
7.5,0.63,0.12,5.1,0.111,50,110,0.9983,3.26,0.77,9.4,5
7.8,0.59,0.18,2.3,0.076,17,54,0.9975,3.43,0.59,10,5
7.3,0.39,0.31,2.4,0.074,9,46,0.9962,3.41,0.54,9.4,6
8.8,0.4,0.4,2.2,0.079,19,52,0.998,3.44,0.64,9.2,5
7.7,0.69,0.49,1.8,0.115,20,112,0.9968,3.21,0.71,9.3,5
7.5,0.52,0.16,1.9,0.085,12,35,0.9968,3.38,0.62,9.5,7
7.0,0.735,0.05,2.0,0.081,13,54,0.9966,3.39,0.57,9.8,5
7.2,0.725,0.05,4.65,0.086,4,11,0.9962,3.41,0.39,10.9,5
7.5,0.52,0.11,1.5,0.079,11,39,0.9968,3.42,0.58,9.6,5
6.6,0.705,0.07,1.6,0.076,6,15,0.9962,3.44,0.58,10.7,5
9.3,0.32,0.57,2.0,0.074,27,65,0.9969,3.28,0.79,10.7,5
8.0,0.705,0.05,1.9,0.074,8,19,0.9962,3.34,0.95,10.5,6
7.8,0.5,0.3,2.5,0.092,20,54,0.997,3.25,0.62,10.2,6
6.9,0.43,0.27,2.3,0.083,20,46,0.9955,3.3,0.75,10.2,6
7.2,0.4,0.29,2.0,0.083,25,62,0.9965,3.25,0.73,10.2,6
6.6,0.56,0.28,2.4,0.088,20,58,0.9964,3.1,0.6,9.7,6
8.4,0.32,0.26,2.2,0.084,23,66,0.9963,3.15,0.59,9.5,6
7.3,0.34,0.3,2.5,0.064,22,47,0.9966,3.35,0.77,9.8,6
8.8,0.26,0.29,1.8,0.088,23,59,0.9965,3.15,0.77,10,7
6.7,0.38,0.34,2.4,0.083,18,42,0.9964,3.3,0.7,10.1,7
7.4,0.25,0.27,2.1,0.076,16,38,0.996,3.15,0.6,9.6,7
8.9,0.38,0.4,2.2,0.068,21,48,0.9968,3.1,0.61,9.8,7
7.1,0.36,0.26,2.5,0.088,22,49,0.9974,3.4,0.8,10,6
6.5,0.43,0.27,2.1,0.078,25,59,0.9968,3.25,0.8,9.5,6
8.1,0.23,0.35,2.1,0.07,24,54,0.9966,3.25,0.58,9.8,7
7.2,0.26,0.28,2.5,0.097,20,55,0.9965,3.25,0.63,9.5,7
6.9,0.44,0.28,2.2,0.092,22,50,0.996,3.1,0.6,9.5,6
8.4,0.33,0.29,2.5,0.078,22,57,0.9972,3.15,0.66,10.2,6
7.5,0.32,0.27,2.0,0.092,19,49,0.9968,3.1,0.56,9.8,6
8.2,0.34,0.3,2.4,0.078,20,53,0.9974,3.25,0.61,10,6
7.4,0.25,0.26,2.2,0.079,18,52,0.9968,3.25,0.64,10,7
8.5,0.28,0.31,2.5,0.091,21,55,0.9964,3.15,0.58,9.6,7
7.3,0.31,0.29,2.0,0.074,20,56,0.9964,3.1,0.63,9.8,6
8.6,0.29,0.32,2.2,0.076,23,58,0.9964,3.15,0.59,9.8,7
7.1,0.27,0.3,2.4,0.08,22,53,0.9966,3.25,0.6,9.8,7
6.8,0.24,0.29,2.3,0.074,19,50,0.9968,3.15,0.58,9.6,6
8.3,0.28,0.31,2.2,0.085,21,54,0.9964,3.25,0.57,9.5,7
7.6,0.31,0.28,2.0,0.086,20,55,0.9966,3.1,0.64,9.8,6
8.2,0.24,0.3,2.4,0.079,23,56,0.9964,3.15,0.59,9.8,7
7.2,0.25,0.27,2.1,0.079,18,51,0.9968,3.25,0.61,10,7
8.7,0.29,0.32,2.2,0.083,24,59,0.9964,3.15,0.6,9.8,7
7.5,0.3,0.29,2.1,0.085,19,53,0.9966,3.1,0.56,9.8,6
8.4,0.31,0.3,2.3,0.078,20,56,0.9964,3.15,0.58,9.8,7
7.3,0.31,0.29,2.0,0.074,20,56,0.9964,3.1,0.63,9.8,6
8.6,0.28,0.32,2.2,0.086,23,58,0.9964,3.15,0.59,9.8,7
7.1,0.26,0.3,2.4,0.08,22,53,0.9966,3.25,0.6,9.8,7
6.8,0.25,0.29,2.3,0.074,19,50,0.9968,3.15,0.58,9.6,6
8.3,0.29,0.31,2.2,0.085,21,54,0.9964,3.25,0.57,9.5,7
7.6,0.3,0.28,2.0,0.086,20,55,0.9966,3.1,0.64,9.8,6
8.2,0.25,0.3,2.4,0.079,23,56,0.9964,3.15,0.59,9.8,7
7.2,0.26,0.27,2.1,0.079,18,51,0.9968,3.25,0.61,10,7
8.7,0.29,0.32,2.2,0.083,24,59,0.9964,3.15,0.6,9.8,7
7.5,0.3,0.29,2.1,0.085,19,53,0.9966,3.1,0.56,9.8,6
8.4,0.31,0.3,2.3,0.078,20,56,0.9964,3.15,0.58,9.8,7
7.3,0.32,0.3,2.0,0.073,21,57,0.9964,3.1,0.59,9.8,6
8.5,0.27,0.31,2.2,0.084,22,58,0.9964,3.15,0.57,9.5,7
7.4,0.28,0.29,2.1,0.078,23,59,0.9964,3.1,0.58,9.6,7
8.8,0.3,0.32,2.2,0.081,24,60,0.9964,3.15,0.59,9.8,7
7.6,0.29,0.28,2.0,0.083,25,61,0.9966,3.1,0.64,9.8,6
8.3,0.32,0.3,2.3,0.079,26,62,0.9964,3.15,0.57,9.5,7
7.2,0.33,0.29,2.1,0.077,27,63,0.9968,3.25,0.6,9.8,6
8.6,0.28,0.31,2.2,0.086,28,64,0.9964,3.15,0.59,9.8,7
7.5,0.29,0.3,2.1,0.088,29,65,0.9966,3.1,0.56,9.8,6
8.4,0.3,0.29,2.3,0.08,30,66,0.9964,3.15,0.58,9.8,7
7.4,0.31,0.28,2.2,0.077,31,67,0.9964,3.1,0.59,9.8,7
8.7,0.32,0.3,2.2,0.082,32,68,0.9964,3.15,0.6,9.8,7
7.6,0.33,0.29,2.0,0.084,33,69,0.9966,3.1,0.64,9.8,6
8.5,0.34,0.3,2.2,0.085,34,70,0.9964,3.15,0.57,9.5,7
7.3,0.35,0.29,2.1,0.076,35,71,0.9964,3.1,0.58,9.6,6
8.4,0.36,0.28,2.3,0.079,36,72,0.9964,3.15,0.59,9.8,7
7.5,0.37,0.29,2.1,0.081,37,73,0.9966,3.1,0.56,9.8,6
8.2,0.38,0.3,2.4,0.082,38,74,0.9964,3.15,0.58,9.8,7
7.4,0.26,0.29,2.1,0.075,19,40,0.9963,3.17,0.59,9.5,6
7.8,0.27,0.3,2.2,0.078,20,41,0.9964,3.18,0.58,9.6,6
7.6,0.28,0.31,2.3,0.08,21,42,0.9965,3.19,0.57,9.7,6
7.5,0.29,0.32,2.4,0.082,22,43,0.9966,3.2,0.56,9.8,6
7.3,0.3,0.33,2.5,0.084,23,44,0.9967,3.21,0.55,9.9,6
7.2,0.31,0.34,2.6,0.086,24,45,0.9968,3.22,0.54,10,6
7.1,0.32,0.35,2.7,0.088,25,46,0.9969,3.23,0.53,10.1,6
7.0,0.33,0.36,2.8,0.09,26,47,0.997,3.24,0.52,10.2,6
6.9,0.34,0.37,2.9,0.092,27,48,0.9971,3.25,0.51,10.3,6
6.8,0.35,0.38,3.0,0.094,28,49,0.9972,3.26,0.5,10.4,6
6.7,0.36,0.39,3.1,0.096,29,50,0.9973,3.27,0.49,10.5,6
6.6,0.37,0.4,3.2,0.098,30,51,0.9974,3.28,0.48,10.6,6
6.5,0.38,0.41,3.3,0.1,31,52,0.9975,3.29,0.47,10.7,6
6.4,0.39,0.42,3.4,0.102,32,53,0.9976,3.3,0.46,10.8,6
6.3,0.4,0.43,3.5,0.104,33,54,0.9977,3.31,0.45,10.9,6
6.2,0.41,0.44,3.6,0.106,34,55,0.9978,3.32,0.44,11,6
6.1,0.42,0.45,3.7,0.108,35,56,0.9979,3.33,0.43,11.1,6
6.0,0.43,0.46,3.8,0.11,36,57,0.998,3.34,0.42,11.2,6
5.9,0.44,0.47,3.9,0.112,37,58,0.9981,3.35,0.41,11.3,6
5.8,0.45,0.48,4.0,0.114,38,59,0.9982,3.36,0.4,11.4,6
5.7,0.46,0.49,4.1,0.116,39,60,0.9983,3.37,0.39,11.5,6
5.6,0.47,0.5,4.2,0.118,40,61,0.9984,3.38,0.38,11.6,6
5.5,0.48,0.51,4.3,0.12,41,62,0.9985,3.39,0.37,11.7,6
5.4,0.49,0.52,4.4,0.122,42,63,0.9986,3.4,0.36,11.8,6
5.3,0.5,0.53,4.5,0.124,43,64,0.9987,3.41,0.35,11.9,6
5.2,0.51,0.54,4.6,0.126,44,65,0.9988,3.42,0.34,12,6
5.1,0.52,0.55,4.7,0.128,45,66,0.9989,3.43,0.33,12.1,6
5.0,0.53,0.56,4.8,0.13,46,67,0.999,3.44,0.32,12.2,6
8.5,0.37,0.2,2.8,0.09,18,58,0.998,3.34,0.7,9.6,6
6.9,0.52,0.25,2.6,0.081,10,37,0.99685,3.46,0.5,11,5
8.2,1,0.09,2.3,0.065,7,37,0.99685,3.32,0.55,9,6
7.2,0.63,0,1.9,0.097,14,38,0.99675,3.37,0.58,9,6
7.2,0.63,0,1.9,0.097,14,38,0.99675,3.37,0.58,9,6
7.2,0.645,0,1.9,0.097,15,39,0.99675,3.37,0.58,9.2,6
7.2,0.63,0,1.9,0.097,14,38,0.99675,3.37,0.58,9,6
8.2,1,0.09,2.3,0.065,7,37,0.99685,3.32,0.55,9,6
8.9,0.635,0.37,1.7,0.263,5,62,0.9971,3,1.09,9.3,5
12,0.38,0.56,2.1,0.093,6,24,0.99925,3.14,0.71,10.9,6
7.7,0.58,0.1,1.8,0.102,28,109,0.99565,3.08,0.49,9.8,6
15,0.21,0.44,2.2,0.075,10,24,1.00005,3.07,0.84,9.2,7
15,0.21,0.44,2.2,0.075,10,24,1.00005,3.07,0.84,9.2,7
7.3,0.66,0,2,0.084,6,23,0.9983,3.61,0.96,9.9,6
7.1,0.68,0.07,1.9,0.075,16,51,0.99685,3.38,0.52,9.5,5
8.2,0.6,0.17,2.3,0.072,11,73,0.9963,3.2,0.45,9.3,5
7.7,0.53,0.06,1.7,0.074,9,39,0.99615,3.35,0.48,9.8,6
7.3,0.66,0,2,0.084,6,23,0.9983,3.61,0.96,9.9,6
8.5,0.37,0.2,2.8,0.09,18,58,0.998,3.34,0.7,9.6,6
6.9,0.52,0.25,2.6,0.081,10,37,0.99685,3.46,0.5,11,5
8.2,1,0.09,2.3,0.065,7,37,0.99685,3.32,0.55,9,6
7.2,0.63,0,1.9,0.097,14,38,0.99675,3.37,0.58,9,6
7.2,0.63,0,1.9,0.097,14,38,0.99675,3.37,0.58,9,6
7.2,0.645,0,1.9,0.097,15,39,0.99675,3.37,0.58,9.2,6
7.2,0.63,0,1.9,0.097,14,38,0.99675,3.37,0.58,9,6
8.2,1,0.09,2.3,0.065,7,37,0.99685,3.32,0.55,9,6
8.9,0.635,0.37,1.7,0.263,5,62,0.9971,3,1.09,9.3,5
12,0.38,0.56,2.1,0.093,6,24,0.99925,3.14,0.71,10.9,6
7.7,0.58,0.1,1.8,0.102,28,109,0.99565,3.08,0.49,9.8,6
15,0.21,0.44,2.2,0.075,10,24,1.00005,3.07,0.84,9.2,7
15,0.21,0.44,2.2,0.075,10,24,1.00005,3.07,0.84,9.2,7
7.3,0.66,0,2,0.084,6,23,0.9983,3.61,0.96,9.9,6
7.1,0.68,0.07,1.9,0.075,16,51,0.99685,3.38,0.52,9.5,5
8.2,0.6,0.17,2.3,0.072,11,73,0.9963,3.2,0.45,9.3,5
7.7,0.53,0.06,1.7,0.074,9,39,0.99615,3.35,0.48,9.8,6
7.3,0.66,0,2,0.084,6,23,0.9983,3.61,0.96,9.9,6
6.9,0.5,0.18,3.0,0.103,15,55,0.99745,3.45,0.78,9.8,5
8.7,0.29,0.5,2.6,0.095,17,67,0.99735,3.12,0.59,9.8,5
7.7,0.67,0.23,2.1,0.088,13,74,0.9971,3.24,0.66,9.8,6
6.8,0.525,0.22,2.2,0.081,7,35,0.99665,3.42,0.67,10.9,6
8.3,0.32,0.42,2.3,0.075,11,42,0.9976,3.21,0.49,9.8,5
7.4,0.68,0.16,1.8,0.078,12,39,0.9977,3.51,0.56,9.4,6
7.1,0.52,0.03,2.6,0.076,20,90,0.9976,3.42,0.6,9.4,6
6.8,0.58,0.3,2.1,0.105,16,49,0.99545,3.36,0.7,10.7,5
9.1,0.31,0.56,2.1,0.109,15,75,0.9973,3.2,0.5,9.9,5
7.5,0.68,0.21,2.2,0.071,10,41,0.9963,3.36,0.55,9.7,7
9.3,0.775,0.27,2.8,0.078,24,56,0.9978,3.28,0.79,10.6,5
7.1,0.72,0.0,1.8,0.123,6,14,0.99623,3.41,0.61,9.7,5
6.4,0.57,0.14,3.9,0.07,27,73,0.99669,3.32,0.48,9.2,6
8.2,0.6,0.17,2.3,0.072,11,73,0.9963,3.2,0.45,9.3,5
6.8,0.64,0.0,2.7,0.123,15,33,0.9954,3.36,0.65,9.9,5
6.9,0.48,0.2,1.9,0.081,10,37,0.99665,3.46,0.5,11,5
7.2,0.65,0.0,2.3,0.092,10,38,0.9966,3.39,0.72,9.5,5
7.4,0.68,0.16,1.8,0.078,12,39,0.9977,3.51,0.56,9.4,6
7.1,0.52,0.03,2.6,0.076,20,90,0.9976,3.42,0.6,9.4,6
6.8,0.58,0.3,2.1,0.105,16,49,0.99545,3.36,0.7,10.7,5
9.1,0.31,0.56,2.1,0.109,15,75,0.9973,3.2,0.5,9.9,5
7.5,0.68,0.21,2.2,0.071,10,41,0.9963,3.36,0.55,9.7,7
9.3,0.775,0.27,2.8,0.078,24,56,0.9978,3.28,0.79,10.6,5
7.1,0.72,0.0,1.8,0.123,6,14,0.99623,3.41,0.61,9.7,5
6.4,0.57,0.14,3.9,0.07,27,73,0.99669,3.32,0.48,9.2,6
8.2,0.6,0.17,2.3,0.072,11,73,0.9963,3.2,0.45,9.3,5
6.8,0.64,0.0,2.7,0.123,15,33,0.9954,3.36,0.65,9.9,5
6.9,0.48,0.2,1.9,0.081,10,37,0.99665,3.46,0.5,11,5
6.6,0.8,0.03,7.8,0.079,6,12,0.9963,3.52,0.5,9.9,5
8.8,0.27,0.34,2.3,0.095,17,110,0.9982,3.14,0.53,9.6,6
7.2,0.65,0.0,2.3,0.092,10,38,0.9966,3.39,0.72,9.5,5
7.4,0.68,0.16,1.8,0.078,12,39,0.9977,3.51,0.56,9.4,6
7.1,0.52,0.03,2.6,0.076,20,90,0.9976,3.42,0.6,9.4,6
6.8,0.58,0.3,2.1,0.105,16,49,0.99545,3.36,0.7,10.7,5
9.1,0.31,0.56,2.1,0.109,15,75,0.9973,3.2,0.5,9.9,5
7.5,0.68,0.21,2.2,0.071,10,41,0.9963,3.36,0.55,9.7,7
9.3,0.775,0.27,2.8,0.078,24,56,0.9978,3.28,0.79,10.6,5
7.1,0.72,0.0,1.8,0.123,6,14,0.99623,3.41,0.61,9.7,5
6.4,0.57,0.14,3.9,0.07,27,73,0.99669,3.32,0.48,9.2,6
8.2,0.6,0.17,2.3,0.072,11,73,0.9963,3.2,0.45,9.3,5
6.8,0.64,0.0,2.7,0.123,15,33,0.9954,3.36,0.65,9.9,5
6.9,0.48,0.2,1.9,0.081,10,37,0.99665,3.46,0.5,11,5
6.6,0.8,0.03,7.8,0.079,6,12,0.9963,3.52,0.5,9.9,5
8.8,0.27,0.34,2.3,0.095,17,110,0.9982,3.14,0.53,9.6,6
7.2,0.65,0.02,2.3,0.094,5,31,0.9993,3.67,0.8,9.7,5
6.9,0.67,0.06,2.1,0.08,8,33,0.99845,3.68,0.71,9.6,5
7.5,0.53,0.06,2.6,0.086,20,44,0.9965,3.38,0.59,10.7,6
11.1,0.18,0.48,1.5,0.068,7,15,0.9973,3.22,0.64,10.1,6
8.3,0.705,0.12,2.6,0.092,12,28,0.9994,3.51,0.72,10,5
7.4,0.67,0.12,1.6,0.186,5,21,0.996,3.39,0.54,9.5,5
8.4,0.65,0.6,2.1,0.112,12,90,0.9973,3.2,0.52,9.2,5
10.3,0.53,0.48,2.5,0.063,6,25,0.9998,3.12,0.59,9.3,6
7.6,0.62,0.32,2.2,0.082,7,54,0.9966,3.36,0.52,9.4,5
10.3,0.41,0.42,2.4,0.213,6,14,0.9994,3.19,0.62,9.5,6
10.3,0.43,0.44,2.4,0.214,5,12,0.9994,3.19,0.63,9.5,6
7.4,0.29,0.38,1.7,0.062,9,30,0.9968,3.41,0.53,9.5,6
10.3,0.53,0.48,2.5,0.063,6,25,0.9998,3.12,0.59,9.3,6
7.9,0.53,0.24,2,0.072,15,105,0.996,3.27,0.54,9.4,6
9,0.46,0.31,2.8,0.093,19,98,0.99815,3.32,0.63,9.5,6
8.6,0.47,0.3,3,0.076,30,135,0.9976,3.3,0.53,9.4,5
6.5,0.53,0.06,2.6,0.085,22,36,0.9952,3.38,0.5,10,7
6.4,0.46,0.08,2.1,0.111,19,35,0.9953,3.17,0.51,9.5,6
8.8,0.41,0.64,2.2,0.093,9,42,0.9986,3.54,0.66,10.5,7
8.6,0.47,0.47,2.4,0.074,12,19,0.9958,3.39,0.48,10.3,6
8.5,0.46,0.59,1.4,0.414,16,45,0.99702,3.03,1.34,9.2,5
7.3,0.67,0.02,2.2,0.072,31,92,0.9966,3.36,0.57,9.5,6
8.1,0.46,0.32,2.5,0.048,21,110,0.9981,3.43,0.72,9.6,6
6.9,0.51,0.04,1.5,0.085,30,45,0.9959,3.26,0.64,9.4,6
8.3,0.4,0.41,2.3,0.07,13,22,0.9981,3.2,0.54,9.4,5
8.8,0.47,0.45,2.5,0.073,5,27,0.9958,3.4,0.56,10.1,6
8.3,0.48,0.49,3.8,0.09,7,33,0.9976,3.31,0.57,10.5,6
7.7,0.56,0.08,2,0.087,6,39,0.9968,3.35,0.48,9.5,5
8.3,0.54,0.28,1.9,0.077,11,40,0.9978,3.39,0.61,10,5
7.9,0.48,0.58,3.5,0.153,5,13,0.9976,3.3,0.92,9.5,6
8.6,0.53,0.22,2,0.1,7,27,0.9967,3.2,0.56,9.4,6
7.9,0.5,0.33,2,0.084,15,143,0.9968,3.2,0.55,9.5,6
8.9,0.48,0.53,4,0.101,3,10,0.9959,3.35,0.6,10.3,6
8.3,0.54,0.28,1.9,0.077,11,40,0.9978,3.39,0.61,10,5
7.7,0.56,0.08,2,0.087,6,39,0.9968,3.35,0.48,9.5,5
8.3,0.46,0.53,1.9,0.074,10,23,0.9974,3.31,0.55,9.7,6
7.7,0.715,0.01,2.1,0.064,31,43,0.9937,3.11,0.55,10.9,5
7.2,0.67,0.02,2.2,0.083,6,26,0.9955,3.39,0.62,9.9,6
6.8,0.7,0,1.6,0.066,13,29,0.9974,3.57,0.69,9.7,5
7.1,0.69,0,2.5,0.091,18,68,0.9973,3.48,0.57,9.1,6
7.3,0.61,0.18,2.2,0.069,9,30,0.9975,3.31,0.55,9.4,5
7.1,0.6,0.02,2.3,0.079,10,32,0.9968,3.3,0.55,9.2,6
7.5,0.58,0.1,2.6,0.086,20,68,0.9965,3.34,0.59,10.3,6
8,0.56,0.28,2.1,0.08,10,25,0.9976,3.36,0.59,9.8,6
8,0.75,0.22,2.5,0.093,17,119,0.998,3.44,0.54,9.3,5
7.4,0.57,0.09,2.1,0.088,8,21,0.9962,3.48,0.56,9.5,6
7.8,0.5,0.17,1.6,0.082,7,28,0.9964,3.28,0.6,9.5,6
7.3,0.51,0.18,2.1,0.074,8,28,0.9971,3.34,0.77,9.4,6
7.7,0.62,0.38,2.3,0.066,12,51,0.9968,3.31,0.54,9.6,6
7.5,0.42,0.32,2.5,0.092,18,94,0.9978,3.36,0.67,9.5,5
7.1,0.71,0,1.9,0.08,14,35,0.9972,3.47,0.55,9.4,5
7.3,0.66,0,2,0.084,6,23,0.9983,3.61,0.96,9.9,6
8.5,0.37,0.2,2.8,0.09,18,58,0.998,3.34,0.7,9.6,6
6.9,0.52,0.25,2.6,0.081,10,37,0.99685,3.46,0.5,11,5
8.2,1,0.09,2.3,0.065,7,37,0.99685,3.32,0.55,9,6
7.2,0.63,0,1.9,0.097,14,38,0.99675,3.37,0.58,9,6
7.2,0.63,0,1.9,0.097,14,38,0.99675,3.37,0.58,9,6
7.2,0.645,0,1.9,0.097,15,39,0.99675,3.37,0.58,9.2,6
7.2,0.63,0,1.9,0.097,14,38,0.99675,3.37,0.58,9,6
8.2,1,0.09,2.3,0.065,7,37,0.99685,3.32,0.55,9,6
8.9,0.635,0.37,1.7,0.263,5,62,0.9971,3,1.09,9.3,5
12,0.38,0.56,2.1,0.093,6,24,0.99925,3.14,0.71,10.9,6
7.7,0.58,0.1,1.8,0.102,28,109,0.99565,3.08,0.49,9.8,6
15,0.21,0.44,2.2,0.075,10,24,1.00005,3.07,0.84,9.2,7
15,0.21,0.44,2.2,0.075,10,24,1.00005,3.07,0.84,9.2,7
7.3,0.66,0,2,0.084,6,23,0.9983,3.61,0.96,9.9,6
7.1,0.68,0.07,1.9,0.075,16,51,0.99685,3.38,0.52,9.5,5
8.2,0.6,0.17,2.3,0.072,11,73,0.9963,3.2,0.45,9.3,5
7.7,0.53,0.06,1.7,0.074,9,39,0.99615,3.35,0.48,9.8,6
7.3,0.66,0,2,0.084,6,23,0.9983,3.61,0.96,9.9,6
7.5,0.52,0.4,2.2,0.06,12,20,0.99474,3.26,0.64,11.8,6
8,0.3,0.63,1.6,0.081,16,29,0.99588,3.3,0.78,10.8,6
6.2,0.7,0.15,5.1,0.076,13,27,0.99622,3.54,0.6,11.9,6
6.8,0.67,0.15,1.8,0.118,13,20,0.9954,3.42,0.67,11.3,6
6.2,0.56,0.09,1.7,0.053,24,32,0.99402,3.54,0.6,11.3,5
7.4,0.35,0.33,2.4,0.068,9,26,0.9947,3.36,0.6,11.9,6
6.2,0.56,0.09,1.7,0.053,24,32,0.99402,3.54,0.6,11.3,5
6.1,0.715,0.1,2.6,0.053,13,27,0.99362,3.57,0.5,11.9,5
6.2,0.46,0.29,2.1,0.074,32,98,0.99578,3.33,0.62,9.8,5
6.7,0.32,0.44,2.4,0.061,24,34,0.99484,3.29,0.8,11.6,7
7.2,0.39,0.44,2.6,0.066,22,48,0.99494,3.3,0.84,11.5,6
7.5,0.31,0.41,2.4,0.065,34,60,0.99492,3.34,0.85,11.4,6
5.8,0.61,0.11,1.8,0.066,18,28,0.99483,3.55,0.66,10.9,6
7.2,0.66,0.33,2.5,0.068,34,102,0.99414,3.27,0.78,12.8,6
6.6,0.725,0.2,7.8,0.073,29,79,0.9977,3.29,0.54,9.2,5
6.3,0.55,0.15,1.8,0.077,26,35,0.99314,3.32,0.82,11.6,6
5.4,0.74,0.09,1.7,0.089,16,26,0.99402,3.67,0.56,11.6,6
6.3,0.51,0.13,2.3,0.076,29,40,0.99574,3.42,0.75,11,6
6.8,0.62,0.08,1.9,0.068,28,38,0.99651,3.42,0.82,9.5,6
6.2,0.6,0.08,2,0.09,32,44,0.9949,3.45,0.58,10.5,5
5.9,0.55,0.1,2.2,0.062,39,51,0.99512,3.52,0.76,11.2,6
6.3,0.51,0.13,2.3,0.076,29,40,0.99574,3.42,0.75,11,6
5.9,0.645,0.12,2,0.075,32,44,0.99547,3.57,0.71,10.2,5
6,0.31,0.47,3.6,0.067,18,42,0.99549,3.39,0.66,11,6
6.9,0.45,0.11,2.4,0.043,6,15,0.9948,3.3,0.65,11.4,7
6.5,0.6,0.0,2.2,0.095,48,59,0.9954,3.56,0.51,10.9,6
6.4,0.57,0.14,3.9,0.07,27,66,0.995,3.63,0.7,11.3,6
7.2,0.64,0.21,2.2,0.082,11,41,0.9966,3.29,0.75,11.5,6
7.2,0.645,0.21,2.2,0.083,12,44,0.9966,3.29,0.75,11.5,6
6.6,0.63,0.18,1.2,0.062,17,32,0.994,3.32,0.8,11.9,6
7.8,0.57,0.31,1.7,0.069,28,99,0.9963,3.31,0.67,11.5,6
6.3,0.6,0.25,1.4,0.057,20,65,0.9939,3.56,0.78,10.8,7
7.1,0.59,0.01,2.3,0.08,27,43,0.9955,3.42,0.58,10.7,5
8.4,0.62,0.09,2.2,0.084,11,108,0.9964,3.15,0.5,10.5,6
6.9,0.58,0.2,2.1,0.08,34,54,0.9972,3.45,0.63,9.7,5
6.9,0.48,0.2,1.9,0.082,9,23,0.9955,3.38,0.64,10.5,5
7.3,0.58,0.22,2.2,0.07,13,32,0.9969,3.32,0.6,9.9,6
6.7,0.63,0.19,2.8,0.081,17,41,0.9958,3.35,0.6,10.4,6
7.3,0.57,0.22,2.2,0.077,21,42,0.9959,3.35,0.62,10.5,6
6.5,0.6,0.0,2.2,0.095,48,59,0.9954,3.56,0.51,10.9,6
6.2,0.52,0.08,4.4,0.071,11,32,0.9968,3.52,0.6,11.6,7
7.6,0.53,0.13,2.5,0.1,12,53,0.9972,3.19,0.7,10.6,6
6.5,0.54,0.27,7.5,0.097,24,77,0.9978,3.24,0.57,10,5
7.5,0.53,0.06,2.6,0.086,20,44,0.9965,3.38,0.59,10.7,6
8.9,0.27,0.34,2,0.096,23,95,0.9982,3.1,0.58,9.8,6
8.9,0.3,0.32,2,0.093,18,111,0.9986,3.1,0.53,9.8,6
7.8,0.59,0.26,2,0.081,12,45,0.9968,3.29,0.58,9.5,6
8.5,0.59,0.18,2.1,0.078,10,24,0.9968,3.34,0.72,10.5,7
7.3,0.48,0.32,2.1,0.062,31,54,0.9972,3.3,0.65,10.8,6
7.2,0.39,0.3,1.9,0.074,32,84,0.99717,3.39,0.61,9,5
6.6,0.56,0.14,2.4,0.064,13,29,0.99397,3.42,0.62,11.7,7
7,0.55,0.13,2.2,0.075,15,35,0.9959,3.36,0.59,9.7,6
6.1,0.53,0.08,1.9,0.077,24,45,0.99528,3.6,0.68,10.3,6
5.4,0.58,0.08,1.9,0.059,20,31,0.99484,3.5,0.64,10.2,6
6.2,0.64,0.09,2.5,0.081,15,26,0.99538,3.57,0.63,12,5
7.2,0.39,0.32,1.8,0.065,34,60,0.99714,3.46,0.78,9.9,5
6.2,0.52,0.08,4.4,0.071,11,32,0.99646,3.56,0.63,11.6,6
7.4,0.25,0.29,2.2,0.054,19,49,0.99666,3.4,0.76,10.9,7
6.7,0.855,0.02,1.9,0.064,29,38,0.99472,3.3,0.56,10.75,6
11.1,0.44,0.42,2.2,0.064,14,19,0.99758,3.25,0.57,10.4,6
8.4,0.37,0.43,2.3,0.063,12,19,0.9955,3.17,0.81,11.2,7
6.5,0.63,0.33,1.8,0.059,16,28,0.99531,3.36,0.64,10.1,6
7,0.57,0.02,2,0.072,17,26,0.99575,3.36,0.61,10.2,5
6.3,0.6,0.1,1.6,0.048,12,26,0.99306,3.55,0.51,12.1,5
11.2,0.4,0.5,2,0.099,19,50,0.99783,3.1,0.58,10.4,5
7.4,0.36,0.3,1.8,0.074,17,24,0.99419,3.24,0.7,11.4,8
7.1,0.68,0,2.3,0.087,17,26,0.99783,3.45,0.53,9.5,5
7.1,0.67,0,2.3,0.083,18,27,0.99768,3.44,0.54,9.4,5
6.3,0.68,0.01,3.7,0.103,32,54,0.99586,3.51,0.66,11.3,6
7.3,0.735,0,2.2,0.08,18,28,0.99765,3.41,0.6,9.4,5
6.6,0.855,0.02,2.4,0.062,15,23,0.99627,3.54,0.6,11,6
7,0.56,0.17,1.7,0.065,15,24,0.99514,3.44,0.68,10.55,7
6.6,0.88,0.04,2.2,0.066,12,20,0.99636,3.53,0.56,9.9,5
6.6,0.855,0.02,2.4,0.062,15,23,0.99627,3.54,0.6,11,6
6.1,0.32,0.25,2.3,0.071,23,58,0.99633,3.42,0.97,10.6,5
6.5,0.53,0.06,2,0.063,29,44,0.99489,3.38,0.83,10.3,6
7.4,0.47,0.46,2.2,0.114,7,20,0.99647,3.32,0.63,10.5,5
6.6,0.7,0.08,2.6,0.106,14,27,0.99665,3.44,0.58,10.2,5
6.5,0.53,0.06,2,0.063,29,44,0.99489,3.38,0.83,10.3,6
6.9,0.48,0.2,1.9,0.082,9,23,0.99585,3.39,0.43,9.05,4
6.1,0.32,0.25,2.3,0.071,23,58,0.99633,3.42,0.97,10.6,5
6.8,0.48,0.25,2,0.076,29,61,0.9953,3.34,0.6,10.4,5
6,0.42,0.19,2,0.075,22,47,0.99522,3.39,0.78,10,6
6.7,0.48,0.08,2.1,0.064,18,34,0.99552,3.33,0.64,9.7,5
6.8,0.47,0.08,2.2,0.064,18,38,0.99553,3.3,0.65,9.6,6
7.1,0.53,0.07,1.7,0.071,15,24,0.9951,3.29,0.66,10.8,6
7.9,0.29,0.49,2.2,0.096,21,59,0.99714,3.31,0.67,10.1,6
7.1,0.69,0.08,2.1,0.063,42,52,0.99608,3.42,0.6,10.2,6
6.6,0.44,0.09,2.2,0.063,9,18,0.99444,3.42,0.69,11.3,6
6.1,0.705,0.1,2.8,0.081,13,28,0.99631,3.6,0.66,10.2,5
7.2,0.53,0.13,2,0.058,18,22,0.99573,3.21,0.68,9.9,6
7.1,0.22,0.49,1.8,0.039,8,18,0.99344,3.39,0.56,12.4,6
5.6,0.54,0.04,1.7,0.049,5,13,0.9942,3.72,0.58,11.4,5
6.2,0.65,0.06,1.6,0.05,6,18,0.99348,3.57,0.54,11.95,5
7.7,0.54,0.26,1.9,0.089,23,147,0.99636,3.26,0.59,9.7,5
6.4,0.31,0.09,1.4,0.066,15,28,0.99459,3.42,0.7,10,7
7,0.43,0.02,1.9,0.08,15,28,0.99492,3.35,0.81,10.6,6
7.7,0.54,0.26,1.9,0.089,23,147,0.99636,3.26,0.59,9.7,5
6.9,0.74,0.03,2.3,0.054,7,16,0.99508,3.45,0.63,11.5,6
6.6,0.895,0.04,2.3,0.068,7,13,0.99582,3.53,0.58,10.8,6
6.9,0.74,0.03,2.3,0.054,7,16,0.99508,3.45,0.63,11.5,6
7.5,0.725,0.04,1.5,0.076,8,15,0.99508,3.26,0.53,9.6,5
7.8,0.82,0.29,4.3,0.083,21,64,0.99642,3.16,0.53,9.4,5
7.3,0.585,0.18,2.4,0.078,15,60,0.99638,3.31,0.54,9.8,5
6.2,0.44,0.39,2.5,0.077,6,14,0.99555,3.51,0.69,11,6
7.5,0.38,0.57,2.3,0.106,5,12,0.99605,3.36,0.55,11.4,6
6.7,0.76,0.02,1.8,0.078,6,12,0.996,3.55,0.63,9.95,3
6.8,0.81,0.05,2,0.07,6,14,0.99562,3.51,0.66,10.8,6
7.5,0.38,0.57,2.3,0.106,5,12,0.99605,3.36,0.55,11.4,6
7.1,0.27,0.6,2.1,0.074,17,25,0.99814,3.38,0.72,10.6,6
7.9,0.18,0.4,1.8,0.062,7,20,0.9941,3.28,0.7,11.1,5
6.4,0.36,0.21,2.2,0.047,26,48,0.99661,3.47,0.77,9.7,6
7.1,0.69,0.04,2.1,0.068,19,27,0.99712,3.44,0.67,9.8,5
6.4,0.79,0.04,2.2,0.061,11,17,0.99588,3.53,0.65,10.4,6
6.4,0.56,0.15,1.8,0.078,17,65,0.99294,3.33,0.6,10.5,6
6.9,0.84,0.21,4.1,0.074,16,65,0.99842,3.53,0.72,9.25,6
7.6,0.49,0.33,1.9,0.074,27,85,0.99706,3.41,0.58,9,5
11.7,0.45,0.63,2.2,0.073,7,23,0.99974,3.21,0.69,10.9,6
6.5,0.9,0,1.6,0.052,9,17,0.99467,3.5,0.63,10.9,6
6,0.54,0.06,1.8,0.05,38,89,0.99236,3.3,0.5,10.55,6
7.6,0.49,0.33,1.9,0.074,27,85,0.99706,3.41,0.58,9,5
8.4,0.29,0.4,1.7,0.067,8,20,0.99603,3.39,0.6,10.5,5
7.9,0.2,0.35,1.7,0.054,7,15,0.99458,3.32,0.8,11.9,7
6.4,0.42,0.09,2.3,0.054,34,64,0.99724,3.41,0.68,10.4,6
6.2,0.785,0,2.1,0.06,6,13,0.99664,3.59,0.61,10,4
6.8,0.64,0.03,2.3,0.075,14,31,0.99545,3.36,0.58,10.4,6
6.9,0.63,0.01,2.4,0.076,14,39,0.99522,3.34,0.53,10.8,6
6.8,0.59,0.1,1.7,0.063,34,53,0.9958,3.41,0.67,9.7,5
6.8,0.59,0.1,1.7,0.063,34,53,0.9958,3.41,0.67,9.7,5
7.3,0.48,0.32,2.1,0.062,31,54,0.99728,3.3,0.65,10,7
6.7,1.04,0.08,2.3,0.067,19,32,0.99648,3.52,0.57,11,4
7.3,0.48,0.32,2.1,0.062,31,54,0.99728,3.3,0.65,10,7
7.3,0.98,0.05,2.1,0.061,20,49,0.99705,3.31,0.55,9.7,3
10,0.69,0.11,1.4,0.084,8,24,0.99578,2.88,0.47,9.7,5
6.7,0.7,0.08,3.75,0.067,8,16,0.99334,3.43,0.52,12.6,5
7.6,0.35,0.6,2.6,0.073,23,44,0.99656,3.38,0.79,11.1,6
6.1,0.6,0.08,1.8,0.071,14,45,0.99336,3.38,0.54,11,5
9.9,0.5,0.5,13.8,0.205,48,82,1.00242,3.16,0.75,8.8,5
5.3,0.47,0.11,2.2,0.048,16,89,0.99182,3.54,0.88,13.56666667,7
9.9,0.5,0.5,13.8,0.205,48,82,1.00242,3.16,0.75,8.8,5
5.3,0.47,0.11,2.2,0.048,16,89,0.99182,3.54,0.88,13.6,7
7.1,0.875,0.05,5.7,0.082,3,14,0.99808,3.4,0.52,10.2,3
7.2,0.33,0.33,1.7,0.061,3,13,0.996,3.23,1.1,10,8
8,0.5,0.39,2.6,0.082,12,46,0.9985,3.43,0.62,10.7,6
7.7,0.28,0.3,2,0.062,18,34,0.9952,3.28,0.9,11.3,7
8.2,0.24,0.34,5.1,0.062,8,22,0.9974,3.22,0.94,10.9,6
6,0.51,0,2.1,0.064,40,54,0.995,3.54,0.93,10.7,6
8.1,0.29,0.36,2.2,0.048,35,53,0.995,3.27,1.01,12.4,7
6,0.51,0,2.1,0.064,40,54,0.995,3.54,0.93,10.7,6
6.6,0.96,0,1.8,0.082,5,16,0.9936,3.5,0.44,11.9,6
6.4,0.47,0.4,2.4,0.071,8,19,0.9963,3.56,0.73,10.6,6
8.2,0.24,0.34,5.1,0.062,8,22,0.9974,3.22,0.94,10.9,6
9.9,0.57,0.25,2,0.104,12,89,0.9963,3.04,0.9,10.1,5
10,0.32,0.59,2.2,0.077,3,15,0.9994,3.2,0.78,9.6,5
6.2,0.58,0,1.6,0.065,8,18,0.9966,3.56,0.84,9.4,5
10,0.32,0.59,2.2,0.077,3,15,0.9994,3.2,0.78,9.6,5
7.3,0.34,0.33,2.5,0.064,21,37,0.9952,3.35,0.77,12.1,7
7.8,0.53,0.01,1.6,0.077,3,19,0.995,3.16,0.46,9.8,5
7.7,0.64,0.21,2.2,0.077,32,133,0.9956,3.27,0.45,9.9,5
7.8,0.53,0.01,1.6,0.077,3,19,0.995,3.16,0.46,9.8,5
7.5,0.4,0.18,1.6,0.079,24,58,0.9965,3.34,0.58,9.4,5
7,0.54,0,2.1,0.079,39,55,0.9956,3.39,0.84,11.4,6
6.4,0.53,0.09,3.9,0.123,14,31,0.9968,3.5,0.67,11,4
8.3,0.26,0.37,1.4,0.076,8,23,0.9974,3.26,0.7,9.6,6
8.3,0.26,0.37,1.4,0.076,8,23,0.9974,3.26,0.7,9.6,6
7.7,0.23,0.37,1.8,0.046,23,60,0.9971,3.41,0.71,12.1,6
7.6,0.41,0.33,2.5,0.078,6,23,0.9957,3.3,0.58,11.2,5
7.8,0.64,0,1.9,0.072,27,55,0.9962,3.31,0.63,11,5
7.3,0.74,0.08,1.7,0.094,10,45,0.99576,3.24,0.5,9.8,5
6.9,0.54,0.3,2.2,0.088,9,105,0.99725,3.25,1.18,10.5,6
8,0.77,0.32,2.1,0.079,16,74,0.99656,3.27,0.5,9.8,6
6.6,0.61,0,1.6,0.069,4,8,0.99396,3.33,0.37,10.4,4
8.7,0.78,0.51,1.7,0.415,12,66,0.99623,3,1.17,9.2,5
7.5,0.58,0.56,3.1,0.153,5,14,0.99476,3.21,1.03,11.6,6
8.7,0.78,0.51,1.7,0.415,12,66,0.99623,3,1.17,9.2,5
7.7,0.75,0.27,3.8,0.11,34,89,0.99664,3.24,0.45,9.3,5
6.8,0.815,0,1.2,0.267,16,29,0.99471,3.32,0.51,9.8,3
7.2,0.56,0.26,2,0.083,13,100,0.99586,3.26,0.52,9.9,5
8.2,0.885,0.2,1.4,0.086,7,31,0.9946,3.11,0.46,10,5
5.2,0.49,0.26,2.3,0.09,23,74,0.9953,3.71,0.62,12.2,6
7.2,0.45,0.15,2,0.078,10,28,0.99609,3.29,0.51,9.9,6
7.5,0.57,0.02,2.6,0.077,11,35,0.99557,3.36,0.62,10.8,6
7.5,0.57,0.02,2.6,0.077,11,35,0.99557,3.36,0.62,10.8,6
6.8,0.83,0.09,1.8,0.074,4,25,0.99534,3.38,0.45,9.6,5
8,0.6,0.22,2.1,0.08,25,105,0.99613,3.3,0.49,9.9,5
8,0.6,0.22,2.1,0.08,25,105,0.99613,3.3,0.49,9.9,5
7.1,0.755,0.15,1.8,0.107,20,84,0.99593,3.19,0.5,9.5,5
8,0.81,0.25,3.4,0.076,34,85,0.99668,3.19,0.42,9.2,5
7.4,0.64,0.07,1.8,0.1,8,23,0.9961,3.3,0.58,9.6,5
7.4,0.64,0.07,1.8,0.1,8,23,0.9961,3.3,0.58,9.6,5
6.6,0.64,0.31,6.1,0.083,7,49,0.99718,3.35,0.68,10.3,5
6.7,0.48,0.02,2.2,0.08,36,111,0.99524,3.1,0.53,9.7,5
6,0.49,0,2.3,0.068,15,33,0.99292,3.58,0.59,12.5,6
8,0.64,0.22,2.4,0.094,5,33,0.99612,3.37,0.58,11,5
7.1,0.62,0.06,1.3,0.07,5,12,0.9942,3.17,0.48,9.8,5
8,0.52,0.25,2,0.078,19,59,0.99612,3.3,0.48,10.2,5
7.2,0.33,0.33,1.7,0.061,3,13,0.996,3.23,1.1,10,8
8,0.5,0.39,2.6,0.082,12,46,0.9985,3.43,0.62,10.7,6
7.7,0.28,0.3,2,0.062,18,34,0.9952,3.28,0.9,11.3,7
8.2,0.24,0.34,5.1,0.062,8,22,0.9974,3.22,0.94,10.9,6
6,0.51,0,2.1,0.064,40,54,0.995,3.54,0.93,10.7,6
8.1,0.29,0.36,2.2,0.048,35,53,0.995,3.27,1.01,12.4,7
6.6,0.96,0,1.8,0.082,5,16,0.9936,3.5,0.44,11.9,6
6.4,0.47,0.4,2.4,0.071,8,19,0.9963,3.56,0.73,10.6,6
9.9,0.57,0.25,2,0.104,12,89,0.9963,3.04,0.9,10.1,5
10,0.32,0.59,2.2,0.077,3,15,0.9994,3.2,0.78,9.6,5
6.2,0.58,0,1.6,0.065,8,18,0.9966,3.56,0.84,9.4,5
7.3,0.45,0.15,2,0.078,10,28,0.99609,3.29,0.51,9.9,6
7.5,0.57,0.02,2.6,0.077,11,35,0.99557,3.36,0.62,10.8,6
6.8,0.83,0.09,1.8,0.074,4,25,0.99534,3.38,0.45,9.6,5
8,0.6,0.22,2.1,0.08,25,105,0.99613,3.3,0.49,9.9,5
7.1,0.755,0.15,1.8,0.107,20,84,0.99593,3.19,0.5,9.5,5
8,0.81,0.25,3.4,0.076,34,85,0.99668,3.19,0.42,9.2,5
7.4,0.64,0.07,1.8,0.1,8,23,0.9961,3.3,0.58,9.6,5
6.6,0.64,0.31,6.1,0.083,7,49,0.99718,3.35,0.68,10.3,5
6.7,0.48,0.02,2.2,0.08,36,111,0.99524,3.1,0.53,9.7,5
6,0.49,0,2.3,0.068,15,33,0.99292,3.58,0.59,12.5,6
8,0.64,0.22,2.4,0.094,5,33,0.99612,3.37,0.58,11,5
7.1,0.62,0.06,1.3,0.07,5,12,0.9942,3.17,0.48,9.8,5
8,0.52,0.25,2,0.078,19,59,0.99612,3.3,0.48,10.2,5
7.3,0.74,0.08,1.7,0.094,10,45,0.99576,3.24,0.5,9.8,5
6.9,0.54,0.3,2.2,0.088,9,105,0.99725,3.25,1.18,10.5,6
8,0.77,0.32,2.1,0.079,16,74,0.99656,3.27,0.5,9.8,6
6.6,0.61,0,1.6,0.069,4,8,0.99396,3.33,0.37,10.4,4
8.7,0.78,0.51,1.7,0.415,12,66,0.99623,3,1.17,9.2,5
7.5,0.58,0.56,3.1,0.153,5,14,0.99476,3.21,1.03,11.6,6
7.7,0.75,0.27,3.8,0.11,34,89,0.99664,3.24,0.45,9.3,5
6.8,0.815,0,1.2,0.267,16,29,0.99471,3.32,0.51,9.8,3
7.2,0.56,0.26,2,0.083,13,100,0.99586,3.26,0.52,9.9,5
8.2,0.885,0.2,1.4,0.086,7,31,0.9946,3.11,0.46,10,5
5.2,0.49,0.26,2.3,0.09,23,74,0.9953,3.71,0.62,12.2,6
6.9,0.32,0.29,2.5,0.093,31,137,0.9966,3.35,0.67,10.5,6
7.4,0.25,0.27,2.2,0.077,19,64,0.9967,3.22,0.79,9.8,5
6.6,0.42,0.19,2.8,0.088,24,113,0.9973,3.34,0.64,9.5,5
7.8,0.33,0.3,1.9,0.057,7,38,0.9941,3.26,0.67,10.3,6
6.3,0.3,0.29,1.6,0.081,14,101,0.99592,3.45,0.54,9.2,5
6.5,0.32,0.26,2.3,0.069,39,175,0.99546,3.31,0.64,9.7,5
7.2,0.39,0.34,1.8,0.071,18,38,0.99568,3.4,0.76,10.8,6
6.8,0.28,0.27,2.2,0.04,22,93,0.9934,3.13,0.56,11.2,7
5.9,0.32,0.31,2.4,0.027,4,29,0.99476,3.24,0.68,10.1,6
7.3,0.3,0.2,1.7,0.045,5,35,0.9934,3.08,0.47,11.5,6
6.7,0.31,0.41,2.1,0.072,26,132,0.99568,3.31,0.56,9.8,5
6.4,0.34,0.28,2.5,0.042,33,99,0.9905,3.18,0.78,11.5,6
7.9,0.22,0.49,2.5,0.049,13,77,0.9952,3.12,0.37,10.2,5
6.2,0.27,0.25,1.9,0.049,24,91,0.9929,3.3,0.6,10.9,6
7.5,0.36,0.47,2.6,0.073,13,85,0.99582,3.42,0.71,10.5,6
6.3,0.29,0.22,1.8,0.046,9,56,0.9928,3.12,0.61,10.1,5
6.9,0.25,0.26,2.3,0.084,18,167,0.9969,3.19,0.55,9.3,5
7.8,0.23,0.37,1.9,0.053,11,98,0.9932,3.28,0.47,10.7,6
6.6,0.2,0.38,2.6,0.052,17,77,0.9934,3.22,0.55,9.5,5
7.4,0.32,0.26,1.9,0.076,34,114,0.9973,3.13,0.53,9.4,5
7.4,0.3,0.29,1.6,0.08,17,24,0.9941,3.3,0.56,9.5,5
6.8,0.32,0.21,2.3,0.075,34,89,0.9961,3.4,0.68,10.2,6
7.2,0.25,0.27,2.1,0.057,16,83,0.9953,3.21,0.49,9.8,5
6.5,0.38,0.28,2.3,0.051,23,75,0.9951,3.31,0.58,10.1,6
7.1,0.26,0.24,2.1,0.045,30,97,0.9956,3.11,0.56,9.6,5
6.4,0.29,0.27,2.5,0.052,19,77,0.9948,3.28,0.5,9.4,5
7.3,0.31,0.23,2.2,0.074,7,28,0.9958,3.43,0.6,10.3,6
6.9,0.24,0.33,3.3,0.053,14,57,0.9962,3.45,0.55,9.5,5
7,0.25,0.3,2.4,0.072,12,87,0.9956,3.23,0.63,9.7,5
6.7,0.32,0.3,2.2,0.051,21,78,0.9945,3.39,0.54,9.8,5
6.2,0.34,0.26,2.2,0.052,20,95,0.9949,3.25,0.56,9.6,5
7.1,0.27,0.29,2.2,0.048,15,62,0.9948,3.32,0.55,9.7,5
6.6,0.33,0.28,2.3,0.047,18,85,0.9952,3.19,0.52,9.4,5
6.5,0.28,0.34,2.2,0.051,12,76,0.9954,3.24,0.55,9.7,5
7.4,0.3,0.29,1.6,0.08,17,24,0.9941,3.3,0.56,9.5,5
6.8,0.32,0.21,2.3,0.075,34,89,0.9961,3.4,0.68,10.2,6
7.2,0.25,0.27,2.1,0.057,16,83,0.9953,3.21,0.49,9.8,5
6.5,0.38,0.28,2.3,0.051,23,75,0.9951,3.31,0.58,10.1,6
7.1,0.26,0.24,2.1,0.045,30,97,0.9956,3.11,0.56,9.6,5
6.4,0.29,0.27,2.5,0.052,19,77,0.9948,3.28,0.5,9.4,5
6.8,0.32,0.28,2,0.047,34,114,0.9946,3.4,0.68,10.2,6
6.4,0.17,0.27,5.2,0.034,28,160,0.9954,3.25,0.5,9.8,5
7.3,0.38,0.21,2,0.08,24,94,0.9972,3.33,0.62,9.8,5
6.8,0.26,0.42,1.7,0.049,41,122,0.993,3.03,0.48,9.4,6
7.6,0.41,0.4,2.7,0.043,13,79,0.9922,3.03,0.29,10.5,5
6.6,0.23,0.24,1.6,0.069,23,141,0.9936,3.43,0.58,10.5,5
6.8,0.48,0.3,3,0.081,12,77,0.9964,3.28,0.61,10.6,6
6.7,0.42,0.32,2.9,0.038,29,151,0.9927,3.39,0.46,11.7,7
7,0.36,0.35,2.5,0.048,38,149,0.9892,3.14,0.34,12.5,5
6.9,0.25,0.29,5,0.058,35,155,0.9957,3.17,0.54,9.7,6
7.8,0.3,0.3,2,0.048,42,131,0.9934,3.23,0.55,11.1,5
7.8,0.21,0.27,1.2,0.051,47,176,0.992,3.15,0.58,11.3,6
7.4,0.36,0.33,2.3,0.057,10,46,0.9974,3.3,0.79,9.8,5
6.5,0.28,0.34,2.7,0.047,19,78,0.9923,3.3,0.72,10.5,7
6.6,0.33,0.27,1.3,0.043,30,140,0.9928,3.21,0.51,11.4,6
7.1,0.28,0.27,2.5,0.057,28,136,0.9935,3.09,0.57,10.4,5
7.8,0.21,0.27,1.2,0.051,47,176,0.992,3.15,0.58,11.3,6
7.4,0.36,0.33,2.3,0.057,10,46,0.9974,3.3,0.79,9.8,5
6.5,0.28,0.34,2.7,0.047,19,78,0.9923,3.3,0.72,10.5,7
6.6,0.33,0.27,1.3,0.043,30,140,0.9928,3.21,0.51,11.4,6
6.6,0.34,0.2,14.9,0.053,29,151,0.9979,3.22,0.45,8.8,5
7.4,0.18,0.29,2.5,0.048,19,98,0.991,3.2,0.76,12.5,6
6.9,0.29,0.25,2,0.036,7,23,0.9929,3.21,0.47,11.3,6
6.9,0.27,0.29,2,0.041,12,30,0.993,3.23,0.42,11.5,5
6.3,0.26,0.21,2.1,0.047,14,47,0.9935,3.32,0.51,10.5,6
6.5,0.24,0.32,1.7,0.048,26,143,0.9923,3.24,0.5,10.8,6
7.6,0.21,0.26,7.6,0.054,27,90,0.9962,3.16,0.46,10,5
7.3,0.34,0.3,2.2,0.047,37,168,0.9938,3.19,0.6,10.2,6
6.7,0.16,0.28,2.4,0.041,21,106,0.992,3.18,0.44,11.4,6
6.7,0.25,0.13,3.4,0.061,20,85,0.9959,3.28,0.54,10.1,5
7.1,0.33,0.64,14.5,0.096,52,245,0.997,3.16,0.47,9.2,5
7.5,0.31,0.4,2.4,0.065,34,97,0.9951,3.38,0.66,10.5,7
6.3,0.2,0.4,1.5,0.037,25,96,0.9898,3.06,0.44,12.2,6
6.9,0.24,0.35,1,0.052,7,60,0.9914,3.19,0.42,11.8,5
7,0.15,0.28,12.8,0.042,15,143,0.9969,3.2,0.39,9.4,6
7.7,0.27,0.68,3.5,0.358,5,10,0.9972,3.25,0.73,10.6,6
6.8,0.31,0.11,1.8,0.064,23,73,0.9951,3.17,0.42,9.7,6
7.4,0.37,0.26,2.1,0.05,33,104,0.994,3.28,0.54,9.5,5
6.8,0.24,0.4,1.9,0.038,15,94,0.9917,3.32,0.58,12.4,6
7.2,0.21,0.28,2.7,0.033,38,83,0.9904,3.09,0.59,12.8,6
7.4,0.27,0.24,11.4,0.034,29,126,0.9951,2.96,0.39,9.2,6
7.5,0.23,0.36,5.7,0.039,21,155,0.9947,3.1,0.41,10.1,5
7,0.34,0.26,2.5,0.068,32,126,0.993,3.2,0.58,10.5,6
7.1,0.18,0.49,5.5,0.048,13,95,0.9954,3.29,0.41,9.4,5
6.8,0.29,0.56,1.9,0.109,7,20,0.9956,3.32,0.48,9.5,5
6.6,0.39,0.39,6.4,0.045,14,85,0.9962,3.28,0.54,10.2,5
6.5,0.16,0.36,1.8,0.034,31,127,0.9929,3.33,0.42,11.4,7
7.2,0.21,0.34,1.1,0.045,10,105,0.9919,3.2,0.53,11.6,6
6.7,0.32,0.26,7.8,0.043,37,155,0.9951,3.2,0.47,9.7,5
7.6,0.34,0.23,1.6,0.043,31,111,0.991,3.05,0.44,12.3,6
7.6,0.37,0.2,9.1,0.036,27,82,0.9964,3.21,0.38,10,6
7,0.24,0.42,14.1,0.045,45,229,0.9986,3.11,0.55,8.7,5
6.8,0.26,0.26,2,0.016,49,126,0.9914,3.19,0.37,12.7,6
7.2,0.21,0.34,1.1,0.045,10,105,0.9919,3.2,0.53,11.6,6
7.2,0.19,0.31,1.6,0.062,13,91,0.9936,3.13,0.41,10.1,5
7.4,0.2,0.48,1.8,0.062,9,94,0.9937,3.23,0.56,10.7,5
7.6,0.21,0.26,7.6,0.054,27,90,0.9962,3.16,0.46,10,5
7.3,0.34,0.3,2.2,0.047,37,168,0.9938,3.19,0.6,10.2,6
6.7,0.16,0.28,2.4,0.041,21,106,0.992,3.18,0.44,11.4,6
6.7,0.25,0.13,3.4,0.061,20,85,0.9959,3.28,0.54,10.1,5
7.1,0.33,0.64,14.5,0.096,52,245,0.997,3.16,0.47,9.2,5
7.5,0.31,0.4,2.4,0.065,34,97,0.9951,3.38,0.66,10.5,7
6.3,0.2,0.4,1.5,0.037,25,96,0.9898,3.06,0.44,12.2,6
6.9,0.24,0.35,1,0.052,7,60,0.9914,3.19,0.42,11.8,5
7,0.15,0.28,12.8,0.042,15,143,0.9969,3.2,0.39,9.4,6
7.7,0.27,0.68,3.5,0.358,5,10,0.9972,3.25,0.73,10.6,6
6.8,0.31,0.11,1.8,0.064,23,73,0.9951,3.17,0.42,9.7,6
7.4,0.37,0.26,2.1,0.05,33,104,0.994,3.28,0.54,9.5,5
6.7,0.2,0.3,14.6,0.067,29,149,0.9976,3.05,0.54,9.7,5
7.4,0.2,0.29,2.5,0.048,19,98,0.991,3.2,0.76,12.5,6
6.9,0.29,0.25,2,0.036,7,23,0.9929,3.21,0.47,11.3,6
6.9,0.27,0.29,2,0.041,12,30,0.993,3.23,0.42,11.5,5
6.3,0.26,0.21,2.1,0.047,14,47,0.9935,3.32,0.51,10.5,6
6.5,0.24,0.32,1.7,0.048,26,143,0.9923,3.24,0.5,10.8,6
7.6,0.21,0.26,7.6,0.054,27,90,0.9962,3.16,0.46,10,5
7.3,0.34,0.3,2.2,0.047,37,168,0.9938,3.19,0.6,10.2,6
6.7,0.16,0.28,2.4,0.041,21,106,0.992,3.18,0.44,11.4,6
6.7,0.25,0.13,3.4,0.061,20,85,0.9959,3.28,0.54,10.1,5
7.1,0.33,0.64,14.5,0.096,52,245,0.997,3.16,0.47,9.2,5
7.5,0.31,0.4,2.4,0.065,34,97,0.9951,3.38,0.66,10.5,7
7.5,0.23,0.36,5.7,0.039,21,155,0.9947,3.1,0.41,10.1,5
7,0.34,0.26,2.5,0.068,32,126,0.993,3.2,0.58,10.5,6
7.1,0.18,0.49,5.5,0.048,13,95,0.9954,3.29,0.41,9.4,5
6.8,0.29,0.56,1.9,0.109,7,20,0.9956,3.32,0.48,9.5,5
6.6,0.39,0.39,6.4,0.045,14,85,0.9962,3.28,0.54,10.2,5
6.5,0.16,0.36,1.8,0.034,31,127,0.9929,3.33,0.42,11.4,7
7.2,0.21,0.34,1.1,0.045,10,105,0.9919,3.2,0.53,11.6,6
6.7,0.32,0.26,7.8,0.043,37,155,0.9951,3.2,0.47,9.7,5
7.6,0.34,0.23,1.6,0.043,31,111,0.991,3.05,0.44,12.3,6
7.4,0.7,0,1.9,0.076,11,34,0.9978,3.51,0.56,9.4,5
7.8,0.88,0,2.6,0.098,25,67,0.9968,3.2,0.68,9.8,5
7.8,0.76,0.04,2.3,0.092,15,54,0.997,3.26,0.65,9.8,5
11.2,0.28,0.56,1.9,0.075,17,60,0.998,3.16,0.58,9.8,6
7.4,0.7,0,1.9,0.076,11,34,0.9978,3.51,0.56,9.4,5
7.4,0.66,0,1.8,0.075,13,40,0.9978,3.51,0.56,9.4,5
7.9,0.6,0.06,1.6,0.069,15,59,0.9964,3.3,0.46,9.4,5
7.3,0.65,0,1.2,0.065,15,21,0.9946,3.39,0.47,10,7
7.8,0.58,0.02,2,0.073,9,18,0.9968,3.36,0.57,9.5,7
7.5,0.5,0.36,6.1,0.071,17,102,0.9978,3.35,0.8,10.5,5
6.7,0.58,0.08,1.8,0.097,15,65,0.9959,3.28,0.54,9.2,5
7.5,0.5,0.36,6.1,0.071,17,102,0.9978,3.35,0.8,10.5,5
5.6,0.615,0,1.6,0.089,16,59,0.9943,3.58,0.52,9.9,5
7.8,0.61,0.29,1.6,0.114,9,29,0.9974,3.26,1.56,9.1,5
8.9,0.62,0.18,3.8,0.176,52,145,0.9986,3.16,0.88,9.2,5
8.9,0.62,0.19,3.9,0.17,51,148,0.9986,3.17,0.93,9.2,5
8.5,0.28,0.56,1.8,0.092,35,103,0.9969,3.3,0.75,10.5,7
8.1,0.56,0.28,1.7,0.368,16,56,0.9968,3.11,1.28,9.3,5
7.4,0.59,0.08,4.4,0.086,6,29,0.9974,3.38,0.5,9,4
7.9,0.32,0.51,1.8,0.341,17,56,0.9969,3.04,1.08,9.2,6
8.9,0.22,0.48,1.8,0.077,29,60,0.9968,3.39,0.53,9.4,6
7.6,0.39,0.31,2.3,0.082,23,71,0.9982,3.52,0.65,9.7,5
7.9,0.43,0.21,1.6,0.106,10,37,0.9966,3.17,0.91,9.5,5
7.4,0.7,0,1.9,0.076,11,34,0.9978,3.51,0.56,9.4,5
7.8,0.88,0,2.6,0.098,25,67,0.9968,3.2,0.68,9.8,5
7.8,0.76,0.04,2.3,0.092,15,54,0.997,3.26,0.65,9.8,5
11.2,0.28,0.56,1.9,0.075,17,60,0.998,3.16,0.58,9.8,6
7.4,0.7,0,1.9,0.076,11,34,0.9978,3.51,0.56,9.4,5
7.4,0.66,0,1.8,0.075,13,40,0.9978,3.51,0.56,9.4,5
7.9,0.6,0.06,1.6,0.069,15,59,0.9964,3.3,0.46,9.4,5
7.3,0.65,0,1.2,0.065,15,21,0.9946,3.39,0.47,10,7
7.8,0.58,0.02,2,0.073,9,18,0.9968,3.36,0.57,9.5,7
7.5,0.5,0.36,6.1,0.071,17,102,0.9978,3.35,0.8,10.5,5
6.7,0.58,0.08,1.8,0.097,15,65,0.9959,3.28,0.54,9.2,5
7.5,0.5,0.36,6.1,0.071,17,102,0.9978,3.35,0.8,10.5,5
5.6,0.615,0,1.6,0.089,16,59,0.9943,3.58,0.52,9.9,5
7.8,0.61,0.29,1.6,0.114,9,29,0.9974,3.26,1.56,9.1,5
8.9,0.62,0.18,3.8,0.176,52,145,0.9986,3.16,0.88,9.2,5
8.9,0.62,0.19,3.9,0.17,51,148,0.9986,3.17,0.93,9.2,5
8.5,0.28,0.56,1.8,0.092,35,103,0.9969,3.3,0.75,10.5,7
8.1,0.56,0.28,1.7,0.368,16,56,0.9968,3.11,1.28,9.3,5
7.4,0.59,0.08,4.4,0.086,6,29,0.9974,3.38,0.5,9,4
7.9,0.32,0.51,1.8,0.341,17,56,0.9969,3.04,1.08,9.2,6
8.9,0.22,0.48,1.8,0.077,29,60,0.9968,3.39,0.53,9.4,6
7.6,0.39,0.31,2.3,0.082,23,71,0.9982,3.52,0.65,9.7,5
7.9,0.43,0.21,1.6,0.106,10,37,0.9966,3.17,0.91,9.5,5
8.5,0.49,0.11,2.3,0.084,9,67,0.9968,3.17,0.53,9.4,5
6.9,0.4,0.14,2.4,0.085,21,40,0.9968,3.43,0.63,9.7,6
6.3,0.39,0.16,1.4,0.08,11,23,0.9955,3.34,0.56,9.3,5
7.6,0.41,0.24,1.8,0.08,4,11,0.9962,3.28,0.59,9.5,5
7.9,0.43,0.21,1.6,0.106,10,37,0.9966,3.17,0.91,9.5,5
7.1,0.71,0,1.9,0.08,14,35,0.9972,3.47,0.55,9.4,5
7.8,0.645,0,2,0.082,8,16,0.9964,3.38,0.59,9.8,6
8.6,0.51,0.12,2.3,0.094,19,85,0.9966,3.26,0.56,10.3,6
7.9,0.35,0.21,2,0.086,18,45,0.9963,3.28,0.65,9.5,6
7.2,0.65,0.02,2.2,0.095,15,49,0.9976,3.39,0.56,9.8,5
6.3,0.42,0.3,1.8,0.08,10,29,0.9955,3.34,0.62,9.2,5
8.1,0.33,0.44,1.5,0.042,6,12,0.9952,3.3,0.71,11.3,7
7.5,0.6,0.03,1.8,0.095,25,99,0.995,3.35,0.54,10.1,5
7.8,0.55,0.12,2,0.089,12,44,0.9974,3.25,0.48,9.5,5
7.3,0.68,0,2.2,0.072,17,42,0.997,3.31,0.65,9.7,5
7.2,0.65,0.02,2.2,0.095,15,49,0.9976,3.39,0.56,9.8,5
6.9,0.58,0.2,1.75,0.058,8,22,0.996,3.39,0.38,9.6,6
8.5,0.28,0.56,1.8,0.092,35,103,0.9969,3.3,0.75,10.5,7
7.7,0.57,0.2,2,0.078,10,20,0.9959,3.13,0.65,9.5,6
6.4,0.6,0.14,2.4,0.085,12,33,0.9964,3.37,0.58,9.2,5
6.8,0.66,0.07,2.1,0.089,9,22,0.9962,3.4,0.74,9.7,6
7.2,0.63,0.06,2.7,0.077,12,48,0.9976,3.52,0.72,9.6,6
6.6,0.39,0.21,2.5,0.079,24,58,0.9964,3.34,0.58,9.5,5
6.3,0.36,0.3,4.8,0.082,11,30,0.9966,3.52,0.54,9.4,6
8.4,0.39,0.1,1.7,0.075,6,25,0.9958,3.3,0.75,10,7
6.6,0.58,0.3,2.2,0.017,22,34,0.9944,3.2,0.56,12.1,7
7.8,0.58,0.12,2,0.081,9,18,0.996,3.29,0.51,9.8,6
7.1,0.52,0.03,2.6,0.076,21,92,0.9964,3.44,0.54,10.1,5
7.3,0.51,0.18,2.1,0.07,15,55,0.9962,3.35,0.68,9.5,6
7.2,0.59,0.06,2.7,0.077,15,64,0.9976,3.41,0.58,9.8,5
7.8,0.5,0.17,1.6,0.082,17,36,0.9972,3.33,0.88,9.8,6
6.9,0.43,0.2,2.3,0.088,9,78,0.9969,3.3,0.58,10.1,5
7.7,0.56,0.08,2.5,0.114,14,46,0.9976,3.24,0.66,9.6,5
8,0.58,0.1,2.1,0.091,13,32,0.9966,3.32,0.61,10,6
8,0.74,0.21,1.9,0.08,25,102,0.9976,3.32,0.56,9.4,5
7.9,0.44,0.37,2,0.086,8,19,0.9962,3.29,0.54,9.5,5
7.3,0.32,0.23,2.5,0.066,35,70,0.9959,3.35,0.56,10.5,6
7.8,0.42,0.23,2.3,0.091,8,23,0.9962,3.21,0.52,9.9,6
7.7,0.62,0.04,3.8,0.084,15,27,0.9974,3.27,0.57,9.6,5
7.7,0.715,0.01,2.1,0.064,34,59,0.9966,3.39,0.54,9.3,5
7.4,0.61,0.01,2,0.074,13,38,0.996,3.37,0.47,9.2,5
7.7,0.715,0.01,2.1,0.064,34,59,0.9966,3.39,0.54,9.3,5
7.9,0.645,0.12,2,0.068,8,17,0.9964,3.35,0.51,9.3,5
8,0.59,0.37,2,0.059,5,13,0.996,3.3,0.71,9.7,6
7.9,0.32,0.51,1.8,0.341,17,56,0.9969,3.04,1.08,9.2,5
7.7,0.58,0.1,1.8,0.102,28,109,0.9954,3.27,0.55,9.6,5
7.5,0.5,0.36,6.1,0.071,17,102,0.9978,3.35,0.8,10.5,6
7.8,0.56,0.19,1.8,0.104,12,47,0.9964,3.19,0.72,9.5,6
7.3,0.35,0.24,2.5,0.087,10,28,0.9964,3.35,0.62,9.5,5
7.6,0.715,0,2.1,0.079,13,85,0.9976,3.3,0.56,9.4,5
7.8,0.56,0.12,2,0.081,7,28,0.9974,3.26,0.61,9.5,6
7.6,0.41,0.24,2.4,0.08,14,55,0.9969,3.19,0.56,9.6,5
7.5,0.52,0.42,2.3,0.087,8,38,0.9972,3.35,0.7,9.6,6
7.7,0.715,0.01,2.1,0.064,34,59,0.9966,3.39,0.54,9.3,5
7.4,0.5,0.47,2,0.086,21,73,0.997,3.36,0.57,9,4
7.3,0.74,0.08,1.7,0.094,10,45,0.9959,3.28,0.5,9.5,5
7.8,0.97,0.04,1.9,0.057,18,80,0.9964,3.24,0.5,9.5,4
8.1,0.28,0.4,6.9,0.05,30,97,0.9951,3.26,0.44,11.3,6
7.8,0.56,0.19,1.8,0.104,8,15,0.9962,3.36,0.54,9.4,5
7.9,0.59,0.32,2.3,0.076,23,49,0.9963,3.28,0.54,9.8,5
7.3,0.65,0,1.2,0.065,15,21,0.9946,3.39,0.47,10,7
7.8,0.58,0.02,2,0.073,9,18,0.9968,3.36,0.57,9.5,7
7.5,0.5,0.36,6.1,0.071,17,102,0.9978,3.35,0.8,10.5,5
8.1,0.28,0.4,6.9,0.05,30,97,0.9951,3.26,0.44,11.3,6
7.8,0.56,0.19,1.8,0.104,8,15,0.9962,3.36,0.54,9.4,5
7.9,0.59,0.32,2.3,0.076,23,49,0.9963,3.28,0.54,9.8,5
7.3,0.65,0,1.2,0.065,15,21,0.9946,3.39,0.47,10,7
7.8,0.58,0.02,2,0.073,9,18,0.9968,3.36,0.57,9.5,7
7.5,0.5,0.36,6.1,0.071,17,102,0.9978,3.35,0.8,10.5,5
.2,0.23,0.32,8.5,0.058,47,186,0.9956,3.19,0.4,9.9,6
7.3,0.28,0.42,14.4,0.041,41,182,0.9974,3.34,0.47,10,6
7.3,0.18,0.29,1.2,0.044,28,112,0.9922,2.99,0.38,9.5,6
6.7,0.46,0.24,1.7,0.077,18,34,0.9948,3.39,0.6,10.6,6
6.5,0.58,0.0,2.2,0.096,3,13,0.99557,3.62,0.62,11.5,5
7.2,0.38,0.31,1.6,0.062,15,28,0.9947,3.25,0.54,10.8,6
6.8,0.77,0.0,1.8,0.074,5,11,0.9961,3.61,0.6,10.2,4
7.3,0.65,0.0,1.2,0.065,8,16,0.9964,3.46,0.64,10.1,5
7.4,0.59,0.08,4.4,0.086,6,29,0.9974,3.38,0.5,9.0,5
6.5,0.42,0.4,12.0,0.065,8,37,0.9978,3.44,0.53,9.8,5
7.5,0.52,0.11,1.5,0.079,11,39,0.9964,3.35,0.54,9.7,5
7.1,0.68,0.0,2.3,0.087,8,18,0.99675,3.42,0.58,9.0,5
6.8,0.39,0.35,11.1,0.044,8,24,0.99705,3.24,0.6,9.5,6
6.9,0.5,0.04,1.5,0.085,19,49,0.9959,3.4,0.7,11.2,6
7.0,0.49,0.49,5.6,0.06,26,61,0.997,3.31,0.6,10.2,6
7.6,0.49,0.26,1.6,0.236,10,88,0.9966,3.11,0.8,9.3,5
7.4,0.29,0.25,1.6,0.042,14,26,0.9947,3.4,0.64,11.2,7
6.6,0.47,0.4,11.2,0.05,5,21,0.99552,3.21,0.59,11.4,5
6.4,0.57,0.12,2.3,0.12,25,36,0.99519,3.47,0.71,11.3,6
6.9,0.39,0.24,2.1,0.102,4,7,0.995,3.4,0.6,10.5,5
7.8,0.6,0.26,2.0,0.08,31,131,0.9968,3.25,0.51,9.9,5
6.2,0.45,0.2,1.6,0.069,3,15,0.9958,3.41,0.56,9.8,5
7.2,0.61,0.08,4.0,0.082,26,108,0.9963,3.25,0.51,9.0,6
7.3,0.51,0.17,2.8,0.09,10,19,0.9966,3.39,0.63,9.7,5
6.4,0.49,0.0,2.4,0.083,14,31,0.9968,3.55,0.51,9.5,5
7.0,0.53,0.06,2.0,0.081,10,19,0.9955,3.37,0.6,9.7,6
6.3,0.67,0.48,1.4,0.055,5,27,0.99385,3.62,0.61,11.0,6
7.2,0.39,0.32,1.8,0.065,34,60,0.99685,3.34,0.52,9.5,5
6.8,0.64,0.1,2.1,0.085,18,44,0.9955,3.34,0.54,9.6,5






















